Pr_ID,Name,Category1,Category2,Price,Currency,Page_URL,Image_URL,Count,Locale,Is_Del,Is_Rec,Thumbs_Image_URL
37919774,IKONIK GRAN VÍA,hotel_internacional,espanha_madrid,869.00,BRL,"https://cvc.com.br/hotel/detail/madri-madri-espanha/ikonik-gran-via?HotelId=37919774&CheckIn=2026-11-08&CheckOut=2026-11-14&Location=Madri%20-%20Madri%20,%20Espanha&ZoneId=33770&Rooms=1&Adults=2&Children=0&ChildAges=&Latitude=40.42145833370931&Longitude=-3.7073925286237106&City=Madri&State=Madri&Country=Espanha&Hotel=Ikonik%20Gran%20V%C3%ADa&iata=&position=1&packageGroup=STANDALONE&price=1737.2",https://tools-images.services.cvc.com.br/resize?width=827&height=485&type=auto&quality=80&url=https%3A%2F%2Fi.travelapi.com%2Flodging%2F1000000%2F50000%2F41100%2F41081%2Feeb39ad6_z.jpg,9999,pt-BR,0,1,https://tools-images.services.cvc.com.br/resize?width=827&height=485&type=auto&quality=80&url=https%3A%2F%2Fi.travelapi.com%2Flodging%2F1000000%2F50000%2F41100%2F41081%2Feeb39ad6_z.jpg
3812304,Secrets Riviera Cancun,hotel_internacional,mexico_riviera_maya,1302.00,BRL,"https://www.cvc.com.br/hotel/detail/riviera-maya-quintana-roo-mexico/secrets-riviera-cancun?&CheckIn=2026-12-13&CheckOut=2026-12-18&Location=Riviera%20Maya%20-%20Quintana%20Roo%20,%20Mexico&ZoneId=10117&HotelId=3812304&Rooms=1&Adults=2&Children=0&ChildAges=&Latitude=20.9007181&Longitude=-86.8541561&City=Riviera%20Maya&State=Quintana%20Roo&Country=Mexico&Hotel=Secrets%20Riviera%20Canc%C3%BAn&iata=&position=1",https://tools-images.services.cvc.com.br/resize?width=827&height=485&type=auto&quality=80&url=https%3A%2F%2Fi.travelapi.com%2Flodging%2F1000000%2F50000%2F41100%2F41081%2Feeb39ad6_z.jpg,9999,pt-BR,0,1,https://tools-images.services.cvc.com.br/resize?width=827&height=485&type=auto&quality=80&url=https%3A%2F%2Fi.travelapi.com%2Flodging%2F1000000%2F50000%2F41100%2F41081%2Feeb39ad6_z.jpg
381316,LUTECIA SMART DESIGN HOTEL,hotel_internacional,portugal_lisboa,348.00,BRL,"https://.cvc.com.br/hotel/detail/lisboa-lisboa-portugal/lutecia-smart-design-hotel?HotelId=381316&CheckIn=2026-11-03&CheckOut=2026-11-08&Location=Lisboa%20-%20Lisboa%20,%20Portugal&ZoneId=34301&Rooms=1&Adults=2&Children=0&ChildAges=&Latitude=38.74583&Longitude=-9.13889&City=Lisboa&State=Lisboa&Country=Portugal&Hotel=Lutecia%20Smart%20Design%20Hotel&iata=&position=2&packageGroup=STANDALONE&price=695.46",https://tools-images.services.cvc.com.br/resize?width=827&height=485&type=auto&quality=80&url=https%3A%2F%2Fi.travelapi.com%2Flodging%2F1000000%2F50000%2F41100%2F41081%2Feeb39ad6_z.jpg,9999,pt-BR,0,1,https://tools-images.services.cvc.com.br/resize?width=827&height=485&type=auto&quality=80&url=https%3A%2F%2Fi.travelapi.com%2Flodging%2F1000000%2F50000%2F41100%2F41081%2Feeb39ad6_z.jpg
3819538,Brion City Hotel,hotel_internacional,curacao_curacao,384.28,BRL,"https://www.cvc.com.br/hotel/detail/curacao-antilhas-holandesas/brion-city-hotel-bw-signature-collection?&CheckIn=2026-10-10&CheckOut=2026-10-17&Location=Curacao%20-%20%20,%20Antilhas%20Holandesas&ZoneId=19&HotelId=3819538&Rooms=1&Adults=2&Children=0&ChildAges=&Latitude=12.106977&Longitude=-68.935982&City=Curacao&State=Curacao&Country=Antilhas%20Holandesas&Hotel=Brion%20City%20Hotel%20Bw%20Signature%20Collection&iata=&position=1",https://tools-images.services.cvc.com.br/resize?width=827&height=485&type=auto&quality=80&url=https%3A%2F%2Fi.travelapi.com%2Flodging%2F1000000%2F50000%2F41100%2F41081%2Feeb39ad6_z.jpg,9999,pt-BR,0,1,https://tools-images.services.cvc.com.br/resize?width=827&height=485&type=auto&quality=80&url=https%3A%2F%2Fi.travelapi.com%2Flodging%2F1000000%2F50000%2F41100%2F41081%2Feeb39ad6_z.jpg
3820093,Holiday Inn Express Cartagena Bocagrande,hotel_internacional,colombia_cartagena,420.00,BRL,"https://www.cvc.com.br/hotel/detail/cartagena-bolivar-colombia/holiday-inn-express-cartagena-bocagrande?&CheckIn=2026-09-26&CheckOut=2026-09-30&Location=Cartagena%20-%20Bolivar%20,%20Colombia&ZoneId=9940&HotelId=3820093&Rooms=1&Adults=2&Children=0&ChildAges=&Latitude=10.405568&Longitude=-75.552925&City=Cartagena&State=Bolivar&Country=Colombia&Hotel=Holiday%20Inn%20Express%20Cartagena%20Bocagrande&iata=&position=2",https://tools-images.services.cvc.com.br/resize?width=827&height=485&type=auto&quality=80&url=https%3A%2F%2Fi.travelapi.com%2Flodging%2F1000000%2F50000%2F41100%2F41081%2Feeb39ad6_z.jpg,9999,pt-BR,0,1,https://tools-images.services.cvc.com.br/resize?width=827&height=485&type=auto&quality=80&url=https%3A%2F%2Fi.travelapi.com%2Flodging%2F1000000%2F50000%2F41100%2F41081%2Feeb39ad6_z.jpg
3820492,Cyan Cancun Resort & Spa,hotel_internacional,mexico_cancun,198.00,BRL,"https://www.cvc.com.br/hotel/detail/cancun-quintana-roo-mexico/cyan-cancun-resort-spa?&CheckIn=2026-10-05&CheckOut=2026-10-10&Location=Cancun%20-%20Quintana%20Roo%20,%20Mexico&ZoneId=10116&HotelId=3820492&Rooms=1&Adults=2&Children=0&ChildAges=&Latitude=21.046822&Longitude=-86.782761&City=Cancun&State=Quintana%20Roo&Country=Mexico&Hotel=Cyan%20Cancun%20Resort%20&%20Spa&iata=&position=1",https://tools-images.services.cvc.com.br/resize?width=827&height=485&type=auto&quality=80&url=https%3A%2F%2Fi.travelapi.com%2Flodging%2F1000000%2F50000%2F41100%2F41081%2Feeb39ad6_z.jpg,9999,pt-BR,0,1,https://tools-images.services.cvc.com.br/resize?width=827&height=485&type=auto&quality=80&url=https%3A%2F%2Fi.travelapi.com%2Flodging%2F1000000%2F50000%2F41100%2F41081%2Feeb39ad6_z.jpg
3821365,Aixo Suites,hotel_internacional,colombia_cartagena,197.00,BRL,"https://www.cvc.com.br/hotel/detail/cartagena-bolivar-colombia/hotel-aixo-suites-by-geh-suites?&CheckIn=2026-09-19&CheckOut=2026-09-23&Location=Cartagena%20-%20Bolivar%20,%20Colombia&ZoneId=9940&HotelId=3821365&Rooms=1&Adults=2&Children=0&ChildAges=&Latitude=10.436384&Longitude=-75.536379&City=Cartagena&State=Bolivar&Country=Colombia&Hotel=%20Hotel%20Aixo%20Suites%20By%20Geh%20Suites&iata=&position=9",https://tools-images.services.cvc.com.br/resize?width=827&height=485&type=auto&quality=80&url=https%3A%2F%2Fi.travelapi.com%2Flodging%2F1000000%2F50000%2F41100%2F41081%2Feeb39ad6_z.jpg,9999,pt-BR,0,1,https://tools-images.services.cvc.com.br/resize?width=827&height=485&type=auto&quality=80&url=https%3A%2F%2Fi.travelapi.com%2Flodging%2F1000000%2F50000%2F41100%2F41081%2Feeb39ad6_z.jpg
3821960,Secrets Mirabel,hotel_internacional,mexico_cancun,1229.00,BRL,"https://www.cvc.com.br/hotel/detail/cancun-quintana-roo-mexico/secrets-mirabel?&CheckIn=2026-11-01&CheckOut=2026-11-06&Location=Cancun%20-%20Quintana%20Roo%20,%20Mexico&ZoneId=10116&HotelId=3821960&Rooms=1&Adults=2&Children=0&ChildAges=&Latitude=21.053948745495696&Longitude=-86.7818057358484&City=Cancun&State=Quintana%20Roo&Country=Mexico&Hotel=Secrets%20Mirabel%20&iata=&position=1",https://tools-images.services.cvc.com.br/resize?width=827&height=485&type=auto&quality=80&url=https%3A%2F%2Fi.travelapi.com%2Flodging%2F1000000%2F50000%2F41100%2F41081%2Feeb39ad6_z.jpg,9999,pt-BR,0,1,https://tools-images.services.cvc.com.br/resize?width=827&height=485&type=auto&quality=80&url=https%3A%2F%2Fi.travelapi.com%2Flodging%2F1000000%2F50000%2F41100%2F41081%2Feeb39ad6_z.jpg
383794,Grand Park Royal,hotel_internacional,mexico_cancun,754.00,BRL,"https://www.cvc.com.br/hotel/detail/cancun-quintana-roo-mexico/grand-park-royal-cancun?&CheckIn=2026-08-23&CheckOut=2026-08-28&Location=Cancun%20-%20Quintana%20Roo%20,%20Mexico&ZoneId=10116&HotelId=383794&Rooms=1&Adults=2&Children=0&ChildAges=&Latitude=21.122684&Longitude=-86.754096&City=Cancun&State=Quintana%20Roo&Country=Mexico&Hotel=Grand%20Park%20Royal%20Canc%C3%BAn&iata=&position=2",https://tools-images.services.cvc.com.br/resize?width=827&height=485&type=auto&quality=80&url=https%3A%2F%2Fi.travelapi.com%2Flodging%2F1000000%2F50000%2F41100%2F41081%2Feeb39ad6_z.jpg,9999,pt-BR,0,1,https://tools-images.services.cvc.com.br/resize?width=827&height=485&type=auto&quality=80&url=https%3A%2F%2Fi.travelapi.com%2Flodging%2F1000000%2F50000%2F41100%2F41081%2Feeb39ad6_z.jpg
384893,Dreams Riviera Cancun Resort & Spa,hotel_internacional,mexico_riviera_maya,814.00,BRL,"https://www.cvc.com.br/hotel/detail/riviera-maya-quintana-roo-mexico/dreams-riviera-cancun-resort-spa?&CheckIn=2026-10-25&CheckOut=2026-10-30&Location=Riviera%20Maya%20-%20Quintana%20Roo%20,%20Mexico&ZoneId=10117&HotelId=384893&Rooms=1&Adults=2&Children=0&ChildAges=&Latitude=20.8746455&Longitude=-86.8698918&City=Riviera%20Maya&State=Quintana%20Roo&Country=Mexico&Hotel=Dreams%20Riviera%20Cancun%20Resort%20&%20Spa&iata=&position=1",https://tools-images.services.cvc.com.br/resize?width=827&height=485&type=auto&quality=80&url=https%3A%2F%2Fi.travelapi.com%2Flodging%2F1000000%2F50000%2F41100%2F41081%2Feeb39ad6_z.jpg,9999,pt-BR,0,1,https://tools-images.services.cvc.com.br/resize?width=827&height=485&type=auto&quality=80&url=https%3A%2F%2Fi.travelapi.com%2Flodging%2F1000000%2F50000%2F41100%2F41081%2Feeb39ad6_z.jpg
385076,MELIA PUNTA CANA BEACH,hotel_internacional,republica_dominicana_punta_cana,839.50,BRL,"https://www.cvc.com.br/hotel/detail/punta-cana-la-altagracia-republica-dominicana/melia-punta-cana-beach-a-wellness-inclusive-resort-adults-only?&CheckIn=2026-10-18&CheckOut=2026-10-24&Location=Punta%20Cana%20-%20La%20Altagracia%20,%20Republica%20Dominicana&ZoneId=9997&HotelId=385076&Rooms=1&Adults=2&Children=0&ChildAges=&Latitude=18.670624&Longitude=-68.413617&City=Punta%20Cana&State=Republica%20Dominicana&Country=Republica%20Dominicana&Hotel=Melia%20Punta%20Cana%20Beach,%20A%20Wellness%20Inclusive%20Resort%20%E2%80%93%20Adults%20Only&iata=&position=1",https://tools-images.services.cvc.com.br/resize?width=827&height=485&type=auto&quality=80&url=https%3A%2F%2Fi.travelapi.com%2Flodging%2F1000000%2F50000%2F41100%2F41081%2Feeb39ad6_z.jpg,9999,pt-BR,0,1,https://tools-images.services.cvc.com.br/resize?width=827&height=485&type=auto&quality=80&url=https%3A%2F%2Fi.travelapi.com%2Flodging%2F1000000%2F50000%2F41100%2F41081%2Feeb39ad6_z.jpg
385201,Dreams Playa Mujeres Golf & Spa Resort,hotel_internacional,mexico_cancun,1643.00,BRL,"https://www.cvc.com.br/hotel/detail/cancun-quintana-roo-mexico/dreams-playa-mujeres-golf-spa-resort?&CheckIn=2026-10-11&CheckOut=2026-10-16&Location=Cancun%20-%20Quintana%20Roo%20,%20Mexico&ZoneId=10116&HotelId=385201&Rooms=1&Adults=2&Children=0&ChildAges=&Latitude=21.2615054&Longitude=-86.8178219&City=Cancun&State=Quintana%20Roo&Country=Mexico&Hotel=Dreams%20Playa%20Mujeres%20Golf%20&%20Spa%20Resort&iata=&position=1",https://tools-images.services.cvc.com.br/resize?width=827&height=485&type=auto&quality=80&url=https%3A%2F%2Fi.travelapi.com%2Flodging%2F1000000%2F50000%2F41100%2F41081%2Feeb39ad6_z.jpg,9999,pt-BR,0,1,https://tools-images.services.cvc.com.br/resize?width=827&height=485&type=auto&quality=80&url=https%3A%2F%2Fi.travelapi.com%2Flodging%2F1000000%2F50000%2F41100%2F41081%2Feeb39ad6_z.jpg
385512,Fiesta Americana Condesa All Inclusive,hotel_internacional,mexico_cancun,941.00,BRL,"https://www.cvc.com.br/hotel/detail/cancun-quintana-roo-mexico/fiesta-americana-condesa-cancun-all-inclusive?&CheckIn=2026-10-19&CheckOut=2026-10-26&Location=Cancun%20-%20Quintana%20Roo%20,%20Mexico&ZoneId=10116&HotelId=385512&Rooms=1&Adults=2&Children=0&ChildAges=&Latitude=21.0812554&Longitude=-86.7760522&City=Cancun&State=Quintana%20Roo&Country=Mexico&Hotel=Fiesta%20Americana%20Condesa%20Cancun%20All%20Inclusive&iata=&position=2",https://tools-images.services.cvc.com.br/resize?width=827&height=485&type=auto&quality=80&url=https%3A%2F%2Fi.travelapi.com%2Flodging%2F1000000%2F50000%2F41100%2F41081%2Feeb39ad6_z.jpg,9999,pt-BR,0,1,https://tools-images.services.cvc.com.br/resize?width=827&height=485&type=auto&quality=80&url=https%3A%2F%2Fi.travelapi.com%2Flodging%2F1000000%2F50000%2F41100%2F41081%2Feeb39ad6_z.jpg
387408,Grand Palladium Colonial Resort e Spa ,hotel_internacional,mexico_riviera_maya,679.00,BRL,"https://www.cvc.com.br/hotel/detail/riviera-maya-quintana-roo-mexico/grand-palladium-colonial-resort-e-spa-riviera-maya?&CheckIn=2026-10-11&CheckOut=2026-10-16&Location=Riviera%20Maya%20-%20Quintana%20Roo%20,%20Mexico&ZoneId=10117&HotelId=387408&Rooms=1&Adults=2&Children=0&ChildAges=&Latitude=20.443586&Longitude=-87.288066&City=Riviera%20Maya&State=Quintana%20Roo&Country=Mexico&Hotel=Grand%20Palladium%20Colonial%20Resort%20E%20Spa%20-%20Riviera%20Maya&iata=&position=5",https://tools-images.services.cvc.com.br/resize?width=827&height=485&type=auto&quality=80&url=https%3A%2F%2Fi.travelapi.com%2Flodging%2F1000000%2F50000%2F41100%2F41081%2Feeb39ad6_z.jpg,9999,pt-BR,0,1,https://tools-images.services.cvc.com.br/resize?width=827&height=485&type=auto&quality=80&url=https%3A%2F%2Fi.travelapi.com%2Flodging%2F1000000%2F50000%2F41100%2F41081%2Feeb39ad6_z.jpg
387414,TRS TURQUESA BY PALLADIUM,hotel_internacional,republica_dominicana_punta_cana,998.50,BRL,"https://www.cvc.com.br/hotel/detail/punta-cana-la-altagracia-republica-dominicana/trs-turquesa-by-palladium?&CheckIn=2026-10-18&CheckOut=2026-10-24&Location=Punta%20Cana%20-%20La%20Altagracia%20,%20Republica%20Dominicana&ZoneId=9997&HotelId=387414&Rooms=1&Adults=2&Children=0&ChildAges=&Latitude=18.691602&Longitude=-68.424839&City=Punta%20Cana&State=Republica%20Dominicana&Country=Republica%20Dominicana&Hotel=Trs%20Turquesa%20By%20Palladium&iata=&position=1",https://tools-images.services.cvc.com.br/resize?width=827&height=485&type=auto&quality=80&url=https%3A%2F%2Fi.travelapi.com%2Flodging%2F1000000%2F50000%2F41100%2F41081%2Feeb39ad6_z.jpg,9999,pt-BR,0,1,https://tools-images.services.cvc.com.br/resize?width=827&height=485&type=auto&quality=80&url=https%3A%2F%2Fi.travelapi.com%2Flodging%2F1000000%2F50000%2F41100%2F41081%2Feeb39ad6_z.jpg
387444,Grand Palladium Select Costa Mujeres,hotel_internacional,mexico_cancun,1218.00,BRL,"https://www.cvc.com.br/hotel/detail/cancun-quintana-roo-mexico/grand-palladium-select-costa-mujeres?&CheckIn=2026-10-11&CheckOut=2026-10-16&Location=Cancun%20-%20Quintana%20Roo%20,%20Mexico&ZoneId=10116&HotelId=387444&Rooms=1&Adults=2&Children=0&ChildAges=&Latitude=21.268003&Longitude=-86.814714&City=Cancun&State=Quintana%20Roo&Country=Mexico&Hotel=Grand%20Palladium%20Select%20Costa%20Mujeres&iata=&position=1",https://tools-images.services.cvc.com.br/resize?width=827&height=485&type=auto&quality=80&url=https%3A%2F%2Fi.travelapi.com%2Flodging%2F1000000%2F50000%2F41100%2F41081%2Feeb39ad6_z.jpg,9999,pt-BR,0,1,https://tools-images.services.cvc.com.br/resize?width=827&height=485&type=auto&quality=80&url=https%3A%2F%2Fi.travelapi.com%2Flodging%2F1000000%2F50000%2F41100%2F41081%2Feeb39ad6_z.jpg
387865,IMPRESSIVE PUNTA CANA,hotel_internacional,republica_dominicana_punta_cana,592.00,BRL,"https://www.cvc.com.br/hotel/detail/punta-cana-la-altagracia-republica-dominicana/impressive-punta-cana?&CheckIn=2026-10-18&CheckOut=2026-10-24&Location=Punta%20Cana%20-%20La%20Altagracia%20,%20Republica%20Dominicana&ZoneId=9997&HotelId=387865&Rooms=1&Adults=2&Children=0&ChildAges=&Latitude=18.686423&Longitude=-68.418157&City=Punta%20Cana&State=Republica%20Dominicana&Country=Republica%20Dominicana&Hotel=Impressive%20Punta%20Cana&iata=&position=1",https://tools-images.services.cvc.com.br/resize?width=827&height=485&type=auto&quality=80&url=https%3A%2F%2Fi.travelapi.com%2Flodging%2F1000000%2F50000%2F41100%2F41081%2Feeb39ad6_z.jpg,9999,pt-BR,0,1,https://tools-images.services.cvc.com.br/resize?width=827&height=485&type=auto&quality=80&url=https%3A%2F%2Fi.travelapi.com%2Flodging%2F1000000%2F50000%2F41100%2F41081%2Feeb39ad6_z.jpg
389381,ROCHESTER CLASSIC,hotel_internacional,argentina_buenos_aires,437.00,BRL,https://cvc.com.br/hotel/detail/waldorf-hotel-buenos-aires-buenos-aires-argentina/hotel-rochester-classic?HotelId=389381&CheckIn=2026-09-22&CheckOut=2026-09-27&Location=WALDORF%20HOTEL%20BUENOS%20AIRES%20-%20BUENOS%20AIRES%20-%20ARGENTINA&ZoneId=28&Rooms=1&Adults=2&Children=0&ChildAges=&Latitude=-34.601856&Longitude=-58.3781765&City=Buenos%20Aires&State=Buenos%20Aires&Country=Argentina&Hotel=Hotel%20Rochester%20Classic&iata=&position=4&packageGroup=STANDALONE&price=436.18,https://tools-images.services.cvc.com.br/resize?width=827&height=485&type=auto&quality=80&url=https%3A%2F%2Fi.travelapi.com%2Flodging%2F1000000%2F50000%2F41100%2F41081%2Feeb39ad6_z.jpg,9999,pt-BR,0,1,https://tools-images.services.cvc.com.br/resize?width=827&height=485&type=auto&quality=80&url=https%3A%2F%2Fi.travelapi.com%2Flodging%2F1000000%2F50000%2F41100%2F41081%2Feeb39ad6_z.jpg
59125,Dos Playas Faranda,hotel_internacional,mexico_cancun,420.00,BRL,"https://www.cvc.com.br/hotel/detail/cancun-quintana-roo-mexico/dos-playas-faranda?HotelId=59125&CheckIn=2026-10-01&CheckOut=2026-10-07&Rooms=1&Adults=2&Children=0&ChildAges=&Location=Cancun%20-%20Quintana%20Roo%20,%20Mexico&ZoneId=10116&City=Cancun&State=Quintana%20Roo&Country=Mexico&Name=Cancun&Hotel=Dos%20Playas%20Faranda",https://tools-images.services.cvc.com.br/resize?width=827&height=485&type=auto&quality=80&url=https%3A%2F%2Fi.travelapi.com%2Flodging%2F1000000%2F50000%2F41100%2F41081%2Feeb39ad6_z.jpg,9999,pt-BR,0,1,https://tools-images.services.cvc.com.br/resize?width=827&height=485&type=auto&quality=80&url=https%3A%2F%2Fi.travelapi.com%2Flodging%2F1000000%2F50000%2F41100%2F41081%2Feeb39ad6_z.jpg
5916,Celebration Suites,hotel_internacional,estados_unidos_orlando,198.00,BRL,"https://www.cvc.com.br/hotel/detail/orlando-fl-estados-unidos-da-america/celebration-suites-total-taxa?&CheckIn=2026-10-16&CheckOut=2026-10-26&Location=Orlando%20-%20FL%20,%20Estados%20Unidos%20da%20America&ZoneId=13601&HotelId=5916&Rooms=1&Adults=4&Children=0&ChildAges=&Latitude=28.332218&Longitude=-81.51737&City=Orlando&State=Florida&Country=Estados%20Unidos%20Da%20America&Hotel=Celebration%20Suites%20Total%20Taxa&iata=&position=1",https://tools-images.services.cvc.com.br/resize?width=827&height=485&type=auto&quality=80&url=https%3A%2F%2Fi.travelapi.com%2Flodging%2F1000000%2F50000%2F41100%2F41081%2Feeb39ad6_z.jpg,9999,pt-BR,0,1,https://tools-images.services.cvc.com.br/resize?width=827&height=485&type=auto&quality=80&url=https%3A%2F%2Fi.travelapi.com%2Flodging%2F1000000%2F50000%2F41100%2F41081%2Feeb39ad6_z.jpg
5921605,Aquamarina Beach Hotel Cancun,hotel_internacional,mexico_cancun,570.00,BRL,"https://www.cvc.com.br/hotel/detail/cancun-quintana-roo-mexico/aquamarina-beach-hotel-cancun?&CheckIn=2026-10-05&CheckOut=2026-10-10&Location=Cancun%20-%20Quintana%20Roo%20,%20Mexico&ZoneId=10116&HotelId=5921605&Rooms=1&Adults=2&Children=0&ChildAges=&Latitude=21.1467457&Longitude=-86.7933269&City=Cancun&State=Quintana%20Roo&Country=Mexico&Hotel=Aquamarina%20Beach%20Hotel%20Cancun&iata=&position=1",https://tools-images.services.cvc.com.br/resize?width=827&height=485&type=auto&quality=80&url=https%3A%2F%2Fi.travelapi.com%2Flodging%2F1000000%2F50000%2F41100%2F41081%2Feeb39ad6_z.jpg,9999,pt-BR,0,1,https://tools-images.services.cvc.com.br/resize?width=827&height=485&type=auto&quality=80&url=https%3A%2F%2Fi.travelapi.com%2Flodging%2F1000000%2F50000%2F41100%2F41081%2Feeb39ad6_z.jpg
595347,FERTEL MAILLOT,hotel_internacional,franca_paris,546.50,BRL,https://cvc.com.br/hotel/detail/fertel-etoile-ile-de-france-franca/hotel-fertel-maillot-paris?HotelId=595347&CheckIn=2026-10-26&CheckOut=2026-10-31&Location=FERTEL%20ETOILE%20-%20ILE%20DE%20FRANCE%20-%20FRANCA&ZoneId=33830&Rooms=1&Adults=2&Children=0&ChildAges=&Latitude=48.87819388243181&Longitude=2.2852949458743095&City=Paris&State=Ile%20De%20France&Country=Franca&Hotel=Hotel%20Fertel%20Maillot%20Paris&iata=&position=1&packageGroup=STANDALONE&price=1092.96,https://tools-images.services.cvc.com.br/resize?width=827&height=485&type=auto&quality=80&url=https%3A%2F%2Fi.travelapi.com%2Flodging%2F1000000%2F50000%2F41100%2F41081%2Feeb39ad6_z.jpg,9999,pt-BR,0,1,https://tools-images.services.cvc.com.br/resize?width=827&height=485&type=auto&quality=80&url=https%3A%2F%2Fi.travelapi.com%2Flodging%2F1000000%2F50000%2F41100%2F41081%2Feeb39ad6_z.jpg
595349,FERTEL ETOILE,hotel_internacional,franca_paris,385.00,BRL,"https://www.cvc.com.br/hotel/detail/paris-ile-de-france-franca/hotel-fertel-etoile?HotelId=595349&CheckIn=2026-12-21&CheckOut=2026-12-25&Rooms=1&Adults=2&Children=0&ChildAges=&Location=Paris%20-%20%C3%8Ele-de-France%20,%20Fran%C3%A7a&ZoneId=33830&City=Paris&State=Ile%20De%20France&Country=Franca&Name=Paris&Hotel=Hotel%20Fertel%20Etoile",https://tools-images.services.cvc.com.br/resize?width=827&height=485&type=auto&quality=80&url=https%3A%2F%2Fi.travelapi.com%2Flodging%2F1000000%2F50000%2F41100%2F41081%2Feeb39ad6_z.jpg,9999,pt-BR,0,1,https://tools-images.services.cvc.com.br/resize?width=827&height=485&type=auto&quality=80&url=https%3A%2F%2Fi.travelapi.com%2Flodging%2F1000000%2F50000%2F41100%2F41081%2Feeb39ad6_z.jpg
596597,VICTORIA PARIS,hotel_internacional,franca_paris,515.50,BRL,"https://cvc.com.br/hotel/detail/paris-ile-de-france-franca/hotel-victoria-paris?HotelId=596597&CheckIn=2026-10-20&CheckOut=2026-10-24&Location=Paris%20-%20%C3%8Ele-de-France%20,%20Fran%C3%A7a&ZoneId=33830&Rooms=1&Adults=2&Children=0&ChildAges=&Latitude=48.871863&Longitude=2.3438913&City=Paris&State=Ile%20De%20France&Country=Franca&Hotel=Hotel%20Victoria%20Paris&iata=&position=2&packageGroup=STANDALONE&price=1030.56",https://tools-images.services.cvc.com.br/resize?width=827&height=485&type=auto&quality=80&url=https%3A%2F%2Fi.travelapi.com%2Flodging%2F1000000%2F50000%2F41100%2F41081%2Feeb39ad6_z.jpg,9999,pt-BR,0,1,https://tools-images.services.cvc.com.br/resize?width=827&height=485&type=auto&quality=80&url=https%3A%2F%2Fi.travelapi.com%2Flodging%2F1000000%2F50000%2F41100%2F41081%2Feeb39ad6_z.jpg
6100120R,Pestana CR7 Lisboa,hotel_internacional,portugal_lisboa,576.00,BRL,"https://cvc.com.br/hotel/detail/lisboa-lisboa-portugal/pestana-cr7-lisboa?HotelId=6100120R&CheckIn=2026-11-03&CheckOut=2026-11-08&Location=Lisboa%20-%20Lisboa%20,%20Portugal&ZoneId=34301&Rooms=1&Adults=2&Children=0&ChildAges=&Latitude=38.7091929&Longitude=-9.1360116&City=Lisboa&State=Lisboa&Country=Portugal&Hotel=Pestana%20CR7%20Lisboa&iata=&position=1&packageGroup=STANDALONE&price=1151.25",https://tools-images.services.cvc.com.br/resize?width=827&height=485&type=auto&quality=80&url=https%3A%2F%2Fi.travelapi.com%2Flodging%2F1000000%2F50000%2F41100%2F41081%2Feeb39ad6_z.jpg,9999,pt-BR,0,1,https://tools-images.services.cvc.com.br/resize?width=827&height=485&type=auto&quality=80&url=https%3A%2F%2Fi.travelapi.com%2Flodging%2F1000000%2F50000%2F41100%2F41081%2Feeb39ad6_z.jpg
61011142,WALDORF HOTEL,hotel_internacional,argentina_buenos_aires,560.00,BRL,https://cvc.com.br/hotel/detail/waldorf-hotel-buenos-aires-buenos-aires-argentina/waldorf-hotel-buenos-aires?HotelId=61011142&CheckIn=2026-09-15&CheckOut=2026-09-20&Location=WALDORF%20HOTEL%20BUENOS%20AIRES%20-%20BUENOS%20AIRES%20-%20ARGENTINA&ZoneId=28&Rooms=1&Adults=2&Children=0&ChildAges=&Latitude=-34.597416&Longitude=-58.373492&City=Buenos%20Aires&State=Buenos%20Aires&Country=Argentina&Hotel=Waldorf%20Hotel%20Buenos%20Aires&iata=&position=1&packageGroup=STANDALONE&price=559.03,https://tools-images.services.cvc.com.br/resize?width=827&height=485&type=auto&quality=80&url=https%3A%2F%2Fi.travelapi.com%2Flodging%2F1000000%2F50000%2F41100%2F41081%2Feeb39ad6_z.jpg,9999,pt-BR,0,1,https://tools-images.services.cvc.com.br/resize?width=827&height=485&type=auto&quality=80&url=https%3A%2F%2Fi.travelapi.com%2Flodging%2F1000000%2F50000%2F41100%2F41081%2Feeb39ad6_z.jpg
6102614C,TURIM MARQUES HOTEL,hotel_internacional,portugal_lisboa,402.00,BRL,"https://cvc.com.br/hotel/detail/lisboa-lisboa-portugal/turim-marques-hotel?HotelId=6102614C&CheckIn=2026-11-03&CheckOut=2026-11-08&Location=Lisboa%20-%20Lisboa%20,%20Portugal&ZoneId=34301&Rooms=1&Adults=2&Children=0&ChildAges=&Latitude=38.72295&Longitude=-9.150378&City=Lisboa&State=Lisboa&Country=Portugal&Hotel=TURIM%20Marques%20Hotel&iata=&position=8&packageGroup=STANDALONE&price=803.78",https://tools-images.services.cvc.com.br/resize?width=827&height=485&type=auto&quality=80&url=https%3A%2F%2Fi.travelapi.com%2Flodging%2F1000000%2F50000%2F41100%2F41081%2Feeb39ad6_z.jpg,9999,pt-BR,0,1,https://tools-images.services.cvc.com.br/resize?width=827&height=485&type=auto&quality=80&url=https%3A%2F%2Fi.travelapi.com%2Flodging%2F1000000%2F50000%2F41100%2F41081%2Feeb39ad6_z.jpg
6102656P,TRYP BY WYNDHAM DUBAI,hotel_internacional,emirados_arabes_dubai,484.37,BRL,"https://www.cvc.com.br/hotel/detail/dubai-dubayy-emirados-arabes-unidos/tryp-by-wyndham-dubai?HotelId=6102656P&CheckIn=2026-09-15&CheckOut=2026-09-22&Location=Dubai%20-%20Dubayy%20,%20Emirados%20Arabes%20Unidos&ZoneId=6&Rooms=1&Adults=2&Children=0&ChildAges=&Latitude=25.097103&Longitude=55.17472&City=Dubai&State=Dubai&Country=Emirados%20Arabes%20Unidos&Hotel=TRYP%20by%20Wyndham%20Dubai&iata=&position=1&packageGroup=STANDALONE&price=597.14",https://tools-images.services.cvc.com.br/resize?width=827&height=485&type=auto&quality=80&url=https%3A%2F%2Fi.travelapi.com%2Flodging%2F1000000%2F50000%2F41100%2F41081%2Feeb39ad6_z.jpg,9999,pt-BR,0,1,https://tools-images.services.cvc.com.br/resize?width=827&height=485&type=auto&quality=80&url=https%3A%2F%2Fi.travelapi.com%2Flodging%2F1000000%2F50000%2F41100%2F41081%2Feeb39ad6_z.jpg
6102668N,Universal Aventura Hotel,hotel_internacional,estados_unidos_orlando,281.76,BRL,"https://www.cvc.com.br/hotel/detail/orlando-fl-estados-unidos-da-america/universals-aventura-hotel?&CheckIn=2026-12-20&CheckOut=2026-12-25&Location=Orlando%20-%20FL%20,%20Estados%20Unidos%20da%20America&ZoneId=13601&HotelId=6102668N&Rooms=1&Adults=4&Children=0&ChildAges=&Latitude=28.46603&Longitude=-81.47195&City=Orlando&State=Florida&Country=Estados%20Unidos%20Da%20America&Hotel=Universal%27s%20Aventura%20Hotel&iata=&position=1",https://tools-images.services.cvc.com.br/resize?width=827&height=485&type=auto&quality=80&url=https%3A%2F%2Fi.travelapi.com%2Flodging%2F1000000%2F50000%2F41100%2F41081%2Feeb39ad6_z.jpg,9999,pt-BR,0,1,https://tools-images.services.cvc.com.br/resize?width=827&height=485&type=auto&quality=80&url=https%3A%2F%2Fi.travelapi.com%2Flodging%2F1000000%2F50000%2F41100%2F41081%2Feeb39ad6_z.jpg
6102758P,VILA GALÉ PORTO RIBEIRA,hotel_internacional,portugal_porto,542.00,BRL,"https://cvc.com.br/hotel/detail/porto-porto-portugal/vila-gale-porto-ribeira?HotelId=6102758P&CheckIn=2026-11-03&CheckOut=2026-11-08&Location=Porto%20-%20Porto%20,%20Portugal&ZoneId=34288&Rooms=1&Adults=2&Children=0&ChildAges=&Latitude=41.145741&Longitude=-8.629866&City=Porto&State=Douro&Country=Portugal&Hotel=Vila%20Gale%20Porto%20Ribeira&iata=&position=2&packageGroup=STANDALONE&price=1083.58",https://tools-images.services.cvc.com.br/resize?width=827&height=485&type=auto&quality=80&url=https%3A%2F%2Fi.travelapi.com%2Flodging%2F1000000%2F50000%2F41100%2F41081%2Feeb39ad6_z.jpg,9999,pt-BR,0,1,https://tools-images.services.cvc.com.br/resize?width=827&height=485&type=auto&quality=80&url=https%3A%2F%2Fi.travelapi.com%2Flodging%2F1000000%2F50000%2F41100%2F41081%2Feeb39ad6_z.jpg
6102774F,Koray,hotel_internacional,colombia_san_andres,403.50,BRL,"https://www.cvc.com.br/p/hotel/detail/san-andres-colombia-co-colombia/koray-hotel?&CheckIn=2026-09-18&CheckOut=2026-09-22&Location=San%20Andres%20-%20Colombia%20/%20CO,%20Colombia&ZoneId=9938&HotelId=6102774F&Rooms=1&Adults=2&Children=0&ChildAges=&Latitude=12.5843986&Longitude=-81.7162696&City=San%20Andres&State=Colombia&Country=Colombia&Hotel=Koray%20Hotel&iata=&position=1",https://tools-images.services.cvc.com.br/resize?width=827&height=485&type=auto&quality=80&url=https%3A%2F%2Fi.travelapi.com%2Flodging%2F1000000%2F50000%2F41100%2F41081%2Feeb39ad6_z.jpg,9999,pt-BR,0,1,https://tools-images.services.cvc.com.br/resize?width=827&height=485&type=auto&quality=80&url=https%3A%2F%2Fi.travelapi.com%2Flodging%2F1000000%2F50000%2F41100%2F41081%2Feeb39ad6_z.jpg
6102868D,Universal Endless Summer Resort - Surfside Inn and Suites,hotel_internacional,estados_unidos_orlando,336.40,BRL,"https://www.cvc.com.br/hotel/detail/orlando-fl-estados-unidos-da-america/universals-endless-summer-resort-surfside-inn-and-suites?&CheckIn=2026-12-20&CheckOut=2026-12-25&Location=Orlando%20-%20FL%20,%20Estados%20Unidos%20da%20America&ZoneId=13601&HotelId=6102868D&Rooms=1&Adults=4&Children=0&ChildAges=&Latitude=28.461594&Longitude=-81.46466&City=Orlando&State=Florida&Country=Estados%20Unidos%20Da%20America&Hotel=Universal%27s%20Endless%20Summer%20Resort%20-%20Surfside%20Inn%20And%20Suites&iata=&position=1",https://tools-images.services.cvc.com.br/resize?width=827&height=485&type=auto&quality=80&url=https%3A%2F%2Fi.travelapi.com%2Flodging%2F1000000%2F50000%2F41100%2F41081%2Feeb39ad6_z.jpg,9999,pt-BR,0,1,https://tools-images.services.cvc.com.br/resize?width=827&height=485&type=auto&quality=80&url=https%3A%2F%2Fi.travelapi.com%2Flodging%2F1000000%2F50000%2F41100%2F41081%2Feeb39ad6_z.jpg
61031930,TURIM AV LIBERDADE HOTEL,hotel_internacional,portugal_lisboa,642.00,BRL,"https://cvc.com.br/hotel/detail/lisboa-lisboa-portugal/turim-av-liberdade-hotel?HotelId=61031930&CheckIn=2026-10-20&CheckOut=2026-10-24&Location=Lisboa%20-%20Lisboa%20,%20Portugal&ZoneId=34301&Rooms=1&Adults=2&Children=0&ChildAges=&Latitude=38.723763&Longitude=-9.149376&City=Lisboa&State=Lisboa&Country=Portugal&Hotel=TURIM%20Av%20Liberdade%20Hotel&iata=&position=8&packageGroup=STANDALONE&price=1533.44",https://tools-images.services.cvc.com.br/resize?width=827&height=485&type=auto&quality=80&url=https%3A%2F%2Fi.travelapi.com%2Flodging%2F1000000%2F50000%2F41100%2F41081%2Feeb39ad6_z.jpg,9999,pt-BR,0,1,https://tools-images.services.cvc.com.br/resize?width=827&height=485&type=auto&quality=80&url=https%3A%2F%2Fi.travelapi.com%2Flodging%2F1000000%2F50000%2F41100%2F41081%2Feeb39ad6_z.jpg
61031998,HOTEL PRINCIPE LISBOA,hotel_internacional,portugal_lisboa,570.50,BRL,"https://cvc.com.br/hotel/detail/lisboa-lisboa-portugal/hotel-principe-lisboa?HotelId=61031998&CheckIn=2026-10-20&CheckOut=2026-10-24&Location=Lisboa%20-%20Lisboa%20,%20Portugal&ZoneId=34301&Rooms=1&Adults=2&Children=0&ChildAges=&Latitude=38.73496&Longitude=-9.15091&City=Lisboa&State=Lisboa&Country=Portugal&Hotel=Hotel%20Principe%20Lisboa&iata=&position=1&packageGroup=STANDALONE&price=1269.51",https://tools-images.services.cvc.com.br/resize?width=827&height=485&type=auto&quality=80&url=https%3A%2F%2Fi.travelapi.com%2Flodging%2F1000000%2F50000%2F41100%2F41081%2Feeb39ad6_z.jpg,9999,pt-BR,0,1,https://tools-images.services.cvc.com.br/resize?width=827&height=485&type=auto&quality=80&url=https%3A%2F%2Fi.travelapi.com%2Flodging%2F1000000%2F50000%2F41100%2F41081%2Feeb39ad6_z.jpg
61032057,TURIM RESTAURADORES,hotel_internacional,portugal_lisboa,428.50,BRL,"https://cvc.com.br/hotel/detail/lisboa-lisboa-portugal/turim-restauradores-hotel?HotelId=61032057&CheckIn=2026-10-20&CheckOut=2026-10-24&Location=Lisboa%20-%20Lisboa%20,%20Portugal&ZoneId=34301&Rooms=1&Adults=2&Children=0&ChildAges=&Latitude=38.716118&Longitude=-9.143312&City=Lisboa&State=Lisboa&Country=Portugal&Hotel=Turim%20Restauradores%20Hotel&iata=&position=2&packageGroup=STANDALONE&price=856.93",https://tools-images.services.cvc.com.br/resize?width=827&height=485&type=auto&quality=80&url=https%3A%2F%2Fi.travelapi.com%2Flodging%2F1000000%2F50000%2F41100%2F41081%2Feeb39ad6_z.jpg,9999,pt-BR,0,1,https://tools-images.services.cvc.com.br/resize?width=827&height=485&type=auto&quality=80&url=https%3A%2F%2Fi.travelapi.com%2Flodging%2F1000000%2F50000%2F41100%2F41081%2Feeb39ad6_z.jpg
61035701,Disney's All-Star Music Resort,hotel_internacional,estados_unidos_orlando,354.00,BRL,"https://www.cvc.com.br/hotel/detail/orlando-fl-estados-unidos-da-america/disneys-all-star-music-resort?&CheckIn=2026-09-15&CheckOut=2026-09-19&Location=Orlando%20-%20FL%20,%20Estados%20Unidos%20da%20America&ZoneId=13601&HotelId=61035701&Rooms=1&Adults=4&Children=0&ChildAges=&Latitude=28.3397289&Longitude=-81.5728063&City=Orlando&State=Florida&Country=Estados%20Unidos%20Da%20America&Hotel=Disney%27s%20All-star%20Music%20Resort&iata=&position=1",https://tools-images.services.cvc.com.br/resize?width=827&height=485&type=auto&quality=80&url=https%3A%2F%2Fi.travelapi.com%2Flodging%2F1000000%2F50000%2F41100%2F41081%2Feeb39ad6_z.jpg,9999,pt-BR,0,1,https://tools-images.services.cvc.com.br/resize?width=827&height=485&type=auto&quality=80&url=https%3A%2F%2Fi.travelapi.com%2Flodging%2F1000000%2F50000%2F41100%2F41081%2Feeb39ad6_z.jpg
6104260Q,Universal Endless Summer Resort - Dockside Inn and Suites,hotel_internacional,estados_unidos_orlando,316.98,BRL,"https://www.cvc.com.br/hotel/detail/orlando-fl-estados-unidos-da-america/universals-endless-summer-resort-dockside-inn-and-suites?&CheckIn=2026-12-20&CheckOut=2026-12-25&Location=Orlando%20-%20FL%20,%20Estados%20Unidos%20da%20America&ZoneId=13601&HotelId=6104260Q&Rooms=1&Adults=4&Children=0&ChildAges=&Latitude=28.459818&Longitude=-81.46235&City=Orlando&State=Florida&Country=Estados%20Unidos%20Da%20America&Hotel=Universal%27s%20Endless%20Summer%20Resort%20-%20Dockside%20Inn%20And%20Suites&iata=&position=1",https://tools-images.services.cvc.com.br/resize?width=827&height=485&type=auto&quality=80&url=https%3A%2F%2Fi.travelapi.com%2Flodging%2F1000000%2F50000%2F41100%2F41081%2Feeb39ad6_z.jpg,9999,pt-BR,0,1,https://tools-images.services.cvc.com.br/resize?width=827&height=485&type=auto&quality=80&url=https%3A%2F%2Fi.travelapi.com%2Flodging%2F1000000%2F50000%2F41100%2F41081%2Feeb39ad6_z.jpg
61047508,Sunscape Cancun,hotel_internacional,mexico_cancun,828.00,BRL,"https://www.cvc.com.br/hotel/detail/cancun-quintana-roo-mexico/sunscape-cancun-resort-spa?&CheckIn=2026-10-05&CheckOut=2026-10-10&Location=Cancun%20-%20Quintana%20Roo%20,%20Mexico&ZoneId=10116&HotelId=61047508&Rooms=1&Adults=2&Children=0&ChildAges=&Latitude=21.1205274&Longitude=-86.7552889&City=Cancun&State=Quintana%20Roo&Country=Mexico&Hotel=Sunscape%20Cancun%20Resort%20&%20Spa&iata=&position=1",https://tools-images.services.cvc.com.br/resize?width=827&height=485&type=auto&quality=80&url=https%3A%2F%2Fi.travelapi.com%2Flodging%2F1000000%2F50000%2F41100%2F41081%2Feeb39ad6_z.jpg,9999,pt-BR,0,1,https://tools-images.services.cvc.com.br/resize?width=827&height=485&type=auto&quality=80&url=https%3A%2F%2Fi.travelapi.com%2Flodging%2F1000000%2F50000%2F41100%2F41081%2Feeb39ad6_z.jpg
61048079,Universal Hard Rock Hotel ®,hotel_internacional,estados_unidos_orlando,1946.20,BRL,"https://www.cvc.com.br/hotel/detail/orlando-fl-estados-unidos-da-america/universals-hard-rock-hotel?&CheckIn=2026-12-20&CheckOut=2026-12-25&Location=Orlando%20-%20FL%20,%20Estados%20Unidos%20da%20America&ZoneId=13601&HotelId=61048079&Rooms=1&Adults=4&Children=0&ChildAges=&Latitude=28.47899&Longitude=-81.46405&City=Orlando&State=Florida&Country=Estados%20Unidos%20Da%20America&Hotel=Universal%27s%20Hard%20Rock%20Hotel&iata=&position=1",https://tools-images.services.cvc.com.br/resize?width=827&height=485&type=auto&quality=80&url=https%3A%2F%2Fi.travelapi.com%2Flodging%2F1000000%2F50000%2F41100%2F41081%2Feeb39ad6_z.jpg,9999,pt-BR,0,1,https://tools-images.services.cvc.com.br/resize?width=827&height=485&type=auto&quality=80&url=https%3A%2F%2Fi.travelapi.com%2Flodging%2F1000000%2F50000%2F41100%2F41081%2Feeb39ad6_z.jpg
61053771,HOTEL ROMA LISBOA,hotel_internacional,portugal_lisboa,515.50,BRL,"https://cvc.com.br/hotel/detail/lisboa-lisboa-portugal/hotel-roma-lisboa?HotelId=61053771&CheckIn=2026-10-20&CheckOut=2026-10-24&Location=Lisboa%20-%20Lisboa%20,%20Portugal&ZoneId=34301&Rooms=1&Adults=2&Children=0&ChildAges=&Latitude=38.7457605844778&Longitude=-9.14025746322934&City=Lisboa&State=Lisboa&Country=Portugal&Hotel=Hotel%20Roma%20Lisboa&iata=&position=1&packageGroup=STANDALONE&price=1030.58",https://tools-images.services.cvc.com.br/resize?width=827&height=485&type=auto&quality=80&url=https%3A%2F%2Fi.travelapi.com%2Flodging%2F1000000%2F50000%2F41100%2F41081%2Feeb39ad6_z.jpg,9999,pt-BR,0,1,https://tools-images.services.cvc.com.br/resize?width=827&height=485&type=auto&quality=80&url=https%3A%2F%2Fi.travelapi.com%2Flodging%2F1000000%2F50000%2F41100%2F41081%2Feeb39ad6_z.jpg
61057354,HOTEL REGINA OPERA GRAND BOULEVARDS,hotel_internacional,franca_paris,512.00,BRL,"https://cvc.com.br/hotel/detail/paris-ile-de-france-franca/hotel-regina-opera-grands-boulevards?HotelId=61057354&CheckIn=2026-11-08&CheckOut=2026-11-14&Location=Paris%20-%20%C3%8Ele-de-France%20,%20Fran%C3%A7a&ZoneId=33830&Rooms=1&Adults=2&Children=0&ChildAges=&Latitude=48.8708769027598&Longitude=2.35178724798299&City=Paris&State=Ile%20De%20France&Country=Franca&Hotel=Hotel%20Regina%20Opera%20Grands%20Boulevards&iata=&position=1&packageGroup=STANDALONE&price=1023.58",https://tools-images.services.cvc.com.br/resize?width=827&height=485&type=auto&quality=80&url=https%3A%2F%2Fi.travelapi.com%2Flodging%2F1000000%2F50000%2F41100%2F41081%2Feeb39ad6_z.jpg,9999,pt-BR,0,1,https://tools-images.services.cvc.com.br/resize?width=827&height=485&type=auto&quality=80&url=https%3A%2F%2Fi.travelapi.com%2Flodging%2F1000000%2F50000%2F41100%2F41081%2Feeb39ad6_z.jpg
6106048X,Vip Executive Picoas,hotel_internacional,portugal_lisboa,552.00,BRL,"https://cvc.com.br/hotel/detail/lisboa-lisboa-portugal/vip-executive-picoas-hotel?HotelId=6106048X&CheckIn=2026-10-20&CheckOut=2026-10-24&Location=Lisboa%20-%20Lisboa%20,%20Portugal&ZoneId=34301&Rooms=1&Adults=2&Children=0&ChildAges=&Latitude=38.731766&Longitude=-9.149801&City=Lisboa&State=Lisboa&Country=Portugal&Hotel=VIP%20Executive%20Picoas%20Hotel&iata=&position=6&packageGroup=STANDALONE&price=1103.52",https://tools-images.services.cvc.com.br/resize?width=827&height=485&type=auto&quality=80&url=https%3A%2F%2Fi.travelapi.com%2Flodging%2F1000000%2F50000%2F41100%2F41081%2Feeb39ad6_z.jpg,9999,pt-BR,0,1,https://tools-images.services.cvc.com.br/resize?width=827&height=485&type=auto&quality=80&url=https%3A%2F%2Fi.travelapi.com%2Flodging%2F1000000%2F50000%2F41100%2F41081%2Feeb39ad6_z.jpg
61060530,TURIM ALAMEDA HOTEL,hotel_internacional,portugal_lisboa,452.50,BRL,"https://cvc.com.br/hotel/detail/lisboa-lisboa-portugal/turim-alameda-hotel?HotelId=61060530&CheckIn=2026-10-20&CheckOut=2026-10-24&Location=Lisboa%20-%20Lisboa%20,%20Portugal&ZoneId=34301&Rooms=1&Adults=2&Children=0&ChildAges=&Latitude=38.73553&Longitude=-9.13761&City=Lisboa&State=Lisboa&Country=Portugal&Hotel=Turim%20Alameda%20Hotel&iata=&position=1&packageGroup=STANDALONE&price=1089.64",https://tools-images.services.cvc.com.br/resize?width=827&height=485&type=auto&quality=80&url=https%3A%2F%2Fi.travelapi.com%2Flodging%2F1000000%2F50000%2F41100%2F41081%2Feeb39ad6_z.jpg,9999,pt-BR,0,1,https://tools-images.services.cvc.com.br/resize?width=827&height=485&type=auto&quality=80&url=https%3A%2F%2Fi.travelapi.com%2Flodging%2F1000000%2F50000%2F41100%2F41081%2Feeb39ad6_z.jpg
6106055F,TURIM BOULEVARD HOTEL,hotel_internacional,portugal_lisboa,850.00,BRL,"https://cvc.com.br/hotel/detail/lisboa-lisboa-portugal/turim-boulevard-hotel?HotelId=6106055F&CheckIn=2026-10-20&CheckOut=2026-10-24&Location=Lisboa%20-%20Lisboa%20,%20Portugal&ZoneId=34301&Rooms=1&Adults=2&Children=0&ChildAges=&Latitude=38.7199621443106&Longitude=-9.14603673942051&City=Lisboa&State=Lisboa&Country=Portugal&Hotel=Turim%20Boulevard%20Hotel%20&iata=&position=1&packageGroup=STANDALONE&price=1699.94",https://tools-images.services.cvc.com.br/resize?width=827&height=485&type=auto&quality=80&url=https%3A%2F%2Fi.travelapi.com%2Flodging%2F1000000%2F50000%2F41100%2F41081%2Feeb39ad6_z.jpg,9999,pt-BR,0,1,https://tools-images.services.cvc.com.br/resize?width=827&height=485&type=auto&quality=80&url=https%3A%2F%2Fi.travelapi.com%2Flodging%2F1000000%2F50000%2F41100%2F41081%2Feeb39ad6_z.jpg
6106390F,Hyatt Place Aruba Airport,hotel_internacional,aruba_aruba,797.14,BRL,https://www.cvc.com.br/hotel/detail/aruba-aruba-aruba/hyatt-place-aruba-airport?&CheckIn=2026-10-10&CheckOut=2026-10-17&Location=Aruba%20-%20Aruba%20-%20Aruba&ZoneId=54&HotelId=6106390F&Rooms=1&Adults=2&Children=0&ChildAges=&Latitude=12.503951&Longitude=-70.005512&City=Aruba&State=Aruba&Country=Aruba&Hotel=Hyatt%20Place%20Aruba%20Airport&iata=&position=1,https://tools-images.services.cvc.com.br/resize?width=827&height=485&type=auto&quality=80&url=https%3A%2F%2Fi.travelapi.com%2Flodging%2F1000000%2F50000%2F41100%2F41081%2Feeb39ad6_z.jpg,9999,pt-BR,0,1,https://tools-images.services.cvc.com.br/resize?width=827&height=485&type=auto&quality=80&url=https%3A%2F%2Fi.travelapi.com%2Flodging%2F1000000%2F50000%2F41100%2F41081%2Feeb39ad6_z.jpg
6106489Q,HOTEL 1200,hotel_internacional,estados_unidos_new_york,373.18,BRL,"https://cvc.com.br/hotel/detail/nova-york-ny-estados-unidos-da-america/hotel-1200?HotelId=6106489Q&CheckIn=2027-01-23&CheckOut=2027-01-28&Location=Nova%20York%20-%20NY%20,%20Estados%20Unidos%20da%20America&ZoneId=25651&Rooms=1&Adults=2&Children=0&ChildAges=&Latitude=40.6921617681129&Longitude=-73.9270071051421&City=New%20York&State=New%20York&Country=Estados%20Unidos%20Da%20America&Hotel=Hotel%201200&iata=&position=1&packageGroup=STANDALONE&price=777.34",https://tools-images.services.cvc.com.br/resize?width=827&height=485&type=auto&quality=80&url=https%3A%2F%2Fi.travelapi.com%2Flodging%2F1000000%2F50000%2F41100%2F41081%2Feeb39ad6_z.jpg,9999,pt-BR,0,1,https://tools-images.services.cvc.com.br/resize?width=827&height=485&type=auto&quality=80&url=https%3A%2F%2Fi.travelapi.com%2Flodging%2F1000000%2F50000%2F41100%2F41081%2Feeb39ad6_z.jpg
6106549B,PESTANA LISBOA VINTAGE,hotel_internacional,portugal_lisboa,538.50,BRL,"https://cvc.com.br/hotel/detail/lisboa-lisboa-portugal/pestana-lisboa-vintage-city-center-suites?HotelId=6106549B&CheckIn=2026-10-20&CheckOut=2026-10-24&Location=Lisboa%20-%20Lisboa%20,%20Portugal&ZoneId=34301&Rooms=1&Adults=2&Children=0&ChildAges=&Latitude=38.7231673913427&Longitude=-9.15100836525276&City=Lisboa&State=Lisboa&Country=Portugal&Hotel=Pestana%20Lisboa%20Vintage%20City%20Center%20Suites&iata=&position=1&packageGroup=STANDALONE&price=1076.44",https://tools-images.services.cvc.com.br/resize?width=827&height=485&type=auto&quality=80&url=https%3A%2F%2Fi.travelapi.com%2Flodging%2F1000000%2F50000%2F41100%2F41081%2Feeb39ad6_z.jpg,9999,pt-BR,0,1,https://tools-images.services.cvc.com.br/resize?width=827&height=485&type=auto&quality=80&url=https%3A%2F%2Fi.travelapi.com%2Flodging%2F1000000%2F50000%2F41100%2F41081%2Feeb39ad6_z.jpg
6106615V,PESTANA CR7 TIMES SQUARE,hotel_internacional,estados_unidos_new_york,825.30,BRL,"https://cvc.com.br/hotel/detail/nova-york-ny-estados-unidos-da-america/pestana-cr7-times-square?HotelId=6106615V&CheckIn=2026-11-12&CheckOut=2026-11-16&Location=Nova%20York%20-%20NY%20,%20Estados%20Unidos%20da%20America&ZoneId=25651&Rooms=1&Adults=2&Children=0&ChildAges=&Latitude=40.75595&Longitude=-73.99321&City=New%20York&State=New%20York&Country=Estados%20Unidos%20Da%20America&Hotel=Pestana%20CR7%20Times%20Square&iata=&position=2&packageGroup=STANDALONE&price=1719.13",https://tools-images.services.cvc.com.br/resize?width=827&height=485&type=auto&quality=80&url=https%3A%2F%2Fi.travelapi.com%2Flodging%2F1000000%2F50000%2F41100%2F41081%2Feeb39ad6_z.jpg,9999,pt-BR,0,1,https://tools-images.services.cvc.com.br/resize?width=827&height=485&type=auto&quality=80&url=https%3A%2F%2Fi.travelapi.com%2Flodging%2F1000000%2F50000%2F41100%2F41081%2Feeb39ad6_z.jpg
6106641P,CATALONIA BAVARO BEACH,hotel_internacional,republica_dominicana_punta_cana,615.00,BRL,"https://www.cvc.com.br/hotel/detail/punta-cana-la-altagracia-republica-dominicana/catalonia-bavaro?&CheckIn=2026-10-18&CheckOut=2026-10-24&Location=Punta%20Cana%20-%20La%20Altagracia%20,%20Republica%20Dominicana&ZoneId=9997&HotelId=6106641P&Rooms=1&Adults=2&Children=0&ChildAges=&Latitude=18.6397096838971&Longitude=-68.3483562087643&City=Punta%20Cana&State=Republica%20Dominicana&Country=Republica%20Dominicana&Hotel=Catalonia%20B%C3%A1varo&iata=&position=1",https://tools-images.services.cvc.com.br/resize?width=827&height=485&type=auto&quality=80&url=https%3A%2F%2Fi.travelapi.com%2Flodging%2F1000000%2F50000%2F41100%2F41081%2Feeb39ad6_z.jpg,9999,pt-BR,0,1,https://tools-images.services.cvc.com.br/resize?width=827&height=485&type=auto&quality=80&url=https%3A%2F%2Fi.travelapi.com%2Flodging%2F1000000%2F50000%2F41100%2F41081%2Feeb39ad6_z.jpg
6106650F,PESTANA CR7 GRAN VIA,hotel_internacional,espanha_madrid,980.50,BRL,"https://cvc.com.br/hotel/detail/madri-madri-espanha/pestana-cr7-gran-via-madrid?HotelId=6106650F&CheckIn=2026-11-08&CheckOut=2026-11-14&Location=Madri%20-%20Madri%20,%20Espanha&ZoneId=33770&Rooms=1&Adults=2&Children=0&ChildAges=&Latitude=40.4199946618329&Longitude=-3.70324883883965&City=Madri&State=Madri&Country=Espanha&Hotel=Pestana%20CR7%20Gran%20V%C3%ADa%20Madrid&iata=&position=1&packageGroup=STANDALONE&price=1960.04",https://tools-images.services.cvc.com.br/resize?width=827&height=485&type=auto&quality=80&url=https%3A%2F%2Fi.travelapi.com%2Flodging%2F1000000%2F50000%2F41100%2F41081%2Feeb39ad6_z.jpg,9999,pt-BR,0,1,https://tools-images.services.cvc.com.br/resize?width=827&height=485&type=auto&quality=80&url=https%3A%2F%2Fi.travelapi.com%2Flodging%2F1000000%2F50000%2F41100%2F41081%2Feeb39ad6_z.jpg
6106926Y,Embassy suites by hilton aruba resort,hotel_internacional,aruba_aruba,1263.00,BRL,https://www.cvc.com.br/hotel/detail/aruba-aruba-aruba/embassy-suites-by-hilton-aruba-beach-resort?&CheckIn=2026-11-10&CheckOut=2026-11-17&Location=Aruba%20-%20Aruba%20-%20Aruba&ZoneId=54&HotelId=6106926Y&Rooms=1&Adults=1&Children=0&ChildAges=&Latitude=12.56182&Longitude=-70.05273&City=Aruba&State=Aruba&Country=Aruba&Hotel=Embassy%20Suites%20By%20Hilton%20Aruba%20Beach%20Resort&iata=&position=1,https://tools-images.services.cvc.com.br/resize?width=827&height=485&type=auto&quality=80&url=https%3A%2F%2Fi.travelapi.com%2Flodging%2F1000000%2F50000%2F41100%2F41081%2Feeb39ad6_z.jpg,9999,pt-BR,0,1,https://tools-images.services.cvc.com.br/resize?width=827&height=485&type=auto&quality=80&url=https%3A%2F%2Fi.travelapi.com%2Flodging%2F1000000%2F50000%2F41100%2F41081%2Feeb39ad6_z.jpg
61071620,Universal Loews Sapphire Falls Resort,hotel_internacional,estados_unidos_orlando,587.54,BRL,"https://www.cvc.com.br/hotel/detail/orlando-fl-estados-unidos-da-america/universals-loews-sapphire-falls-resort?&CheckIn=2026-12-20&CheckOut=2026-12-25&Location=Orlando%20-%20FL%20,%20Estados%20Unidos%20da%20America&ZoneId=13601&HotelId=61071620&Rooms=1&Adults=4&Children=0&ChildAges=&Latitude=28.466766&Longitude=-81.47063&City=Orlando&State=Florida&Country=Estados%20Unidos%20Da%20America&Hotel=Universal%27s%20Loews%20Sapphire%20Falls%20Resort&iata=&position=1",https://tools-images.services.cvc.com.br/resize?width=827&height=485&type=auto&quality=80&url=https%3A%2F%2Fi.travelapi.com%2Flodging%2F1000000%2F50000%2F41100%2F41081%2Feeb39ad6_z.jpg,9999,pt-BR,0,1,https://tools-images.services.cvc.com.br/resize?width=827&height=485&type=auto&quality=80&url=https%3A%2F%2Fi.travelapi.com%2Flodging%2F1000000%2F50000%2F41100%2F41081%2Feeb39ad6_z.jpg
6109023B,PESTANA RUA AUGUSTA,hotel_internacional,portugal_lisboa,938.00,BRL,"https://cvc.com.br/hotel/detail/lisboa-lisboa-portugal/pestana-rua-augusta-lisboa?HotelId=6109023B&CheckIn=2026-10-20&CheckOut=2026-10-24&Location=Lisboa%20-%20Lisboa%20,%20Portugal&ZoneId=34301&Rooms=1&Adults=2&Children=0&ChildAges=&Latitude=38.70879&Longitude=-9.136819&City=Lisboa&State=Lisboa&Country=Portugal&Hotel=Pestana%20Rua%20Augusta%20-%20Lisboa&iata=&position=3&packageGroup=STANDALONE&price=1875.78",https://tools-images.services.cvc.com.br/resize?width=827&height=485&type=auto&quality=80&url=https%3A%2F%2Fi.travelapi.com%2Flodging%2F1000000%2F50000%2F41100%2F41081%2Feeb39ad6_z.jpg,9999,pt-BR,0,1,https://tools-images.services.cvc.com.br/resize?width=827&height=485&type=auto&quality=80&url=https%3A%2F%2Fi.travelapi.com%2Flodging%2F1000000%2F50000%2F41100%2F41081%2Feeb39ad6_z.jpg
61126164,Disney's Pop Century Resort,hotel_internacional,estados_unidos_orlando,594.00,BRL,"https://www.cvc.com.br/hotel/detail/orlando-fl-estados-unidos-da-america/disneys-pop-century-resort?&CheckIn=2026-09-15&CheckOut=2026-09-19&Location=Orlando%20-%20FL%20,%20Estados%20Unidos%20da%20America&ZoneId=13601&HotelId=61126164&Rooms=1&Adults=4&Children=0&ChildAges=&Latitude=28.351208&Longitude=-81.541145&City=Orlando&State=Florida&Country=Estados%20Unidos%20Da%20America&Hotel=Disney%27s%20Pop%20Century%20Resort&iata=&position=1",https://tools-images.services.cvc.com.br/resize?width=827&height=485&type=auto&quality=80&url=https%3A%2F%2Fi.travelapi.com%2Flodging%2F1000000%2F50000%2F41100%2F41081%2Feeb39ad6_z.jpg,9999,pt-BR,0,1,https://tools-images.services.cvc.com.br/resize?width=827&height=485&type=auto&quality=80&url=https%3A%2F%2Fi.travelapi.com%2Flodging%2F1000000%2F50000%2F41100%2F41081%2Feeb39ad6_z.jpg
61143579,TURIM TERREIRO DO PAÇO,hotel_internacional,portugal_lisboa,636.50,BRL,"https://cvc.com.br/hotel/detail/lisboa-lisboa-portugal/turim-terreiro-do-paco-hotel?HotelId=61143579&CheckIn=2026-10-20&CheckOut=2026-10-24&Location=Lisboa%20-%20Lisboa%20,%20Portugal&ZoneId=34301&Rooms=1&Adults=2&Children=0&ChildAges=&Latitude=38.70928&Longitude=-9.13512&City=Lisboa&State=Lisboa&Country=Portugal&Hotel=TURIM%20Terreiro%20do%20Pa%C3%A7o%20Hotel&iata=&position=1&packageGroup=STANDALONE&price=1272.94",https://tools-images.services.cvc.com.br/resize?width=827&height=485&type=auto&quality=80&url=https%3A%2F%2Fi.travelapi.com%2Flodging%2F1000000%2F50000%2F41100%2F41081%2Feeb39ad6_z.jpg,9999,pt-BR,0,1,https://tools-images.services.cvc.com.br/resize?width=827&height=485&type=auto&quality=80&url=https%3A%2F%2Fi.travelapi.com%2Flodging%2F1000000%2F50000%2F41100%2F41081%2Feeb39ad6_z.jpg
61148515,HTL URBANO,hotel_internacional,argentina_buenos_aires,397.00,BRL,https://cvc.com.br/hotel/detail/waldorf-hotel-buenos-aires-buenos-aires-argentina/htl-urbano?HotelId=61148515&CheckIn=2026-11-02&CheckOut=2026-11-08&Location=WALDORF%20HOTEL%20BUENOS%20AIRES%20-%20BUENOS%20AIRES%20-%20ARGENTINA&ZoneId=28&Rooms=1&Adults=2&Children=0&ChildAges=&Latitude=-34.6007689&Longitude=-58.3733326&City=Buenos%20Aires&State=Buenos%20Aires&Country=Argentina&Hotel=HTL%20Urbano&iata=&position=1&packageGroup=STANDALONE&price=396.9,https://tools-images.services.cvc.com.br/resize?width=827&height=485&type=auto&quality=80&url=https%3A%2F%2Fi.travelapi.com%2Flodging%2F1000000%2F50000%2F41100%2F41081%2Feeb39ad6_z.jpg,9999,pt-BR,0,1,https://tools-images.services.cvc.com.br/resize?width=827&height=485&type=auto&quality=80&url=https%3A%2F%2Fi.travelapi.com%2Flodging%2F1000000%2F50000%2F41100%2F41081%2Feeb39ad6_z.jpg
61150558,Vip Executive Zurique,hotel_internacional,portugal_lisboa,370.00,BRL,"https://www.cvc.com.br/hotel/detail/lisboa-lisboa-portugal/vip-executive-zurique-hotel?HotelId=61150558&CheckIn=2026-08-06&CheckOut=2026-08-10&Rooms=1&Adults=2&Children=0&ChildAges=&Location=Lisboa%20-%20Lisboa%20,%20Portugal&ZoneId=34301&City=Lisboa&State=Lisboa&Country=Portugal&Name=Lisboa&Hotel=VIP%20Executive%20Zurique%20Hotel&packageGroup=STANDALONE",https://tools-images.services.cvc.com.br/resize?width=827&height=485&type=auto&quality=80&url=https%3A%2F%2Fi.travelapi.com%2Flodging%2F1000000%2F50000%2F41100%2F41081%2Feeb39ad6_z.jpg,9999,pt-BR,0,1,https://tools-images.services.cvc.com.br/resize?width=827&height=485&type=auto&quality=80&url=https%3A%2F%2Fi.travelapi.com%2Flodging%2F1000000%2F50000%2F41100%2F41081%2Feeb39ad6_z.jpg
61151271,Vip Grand Lisboa,hotel_internacional,portugal_lisboa,570.00,BRL,"https://cvc.com.br/hotel/detail/lisboa-lisboa-portugal/vip-grand-lisboa-hotel-spa?HotelId=61151271&CheckIn=2026-10-20&CheckOut=2026-10-24&Location=Lisboa%20-%20Lisboa%20,%20Portugal&ZoneId=34301&Rooms=1&Adults=2&Children=0&ChildAges=&Latitude=38.74226&Longitude=-9.14907&City=Lisboa&State=Lisboa&Country=Portugal&Hotel=VIP%20Grand%20Lisboa%20Hotel%20&%20Spa&iata=&position=1&packageGroup=STANDALONE&price=1139.12",https://tools-images.services.cvc.com.br/resize?width=827&height=485&type=auto&quality=80&url=https%3A%2F%2Fi.travelapi.com%2Flodging%2F1000000%2F50000%2F41100%2F41081%2Feeb39ad6_z.jpg,9999,pt-BR,0,1,https://tools-images.services.cvc.com.br/resize?width=827&height=485&type=auto&quality=80&url=https%3A%2F%2Fi.travelapi.com%2Flodging%2F1000000%2F50000%2F41100%2F41081%2Feeb39ad6_z.jpg
61154259,SERCOTEL CASPE,hotel_internacional,espanha_barcelona,488.50,BRL,"https://cvc.com.br/hotel/detail/barcelona-catalunha-espanha/sercotel-caspe?HotelId=61154259&CheckIn=2026-11-08&CheckOut=2026-11-14&Location=Barcelona%20-%20Catalunha%20,%20Espanha&ZoneId=33785&Rooms=1&Adults=2&Children=0&ChildAges=&Latitude=41.395985&Longitude=2.179512&City=Barcelona&State=Catalunia&Country=Espanha&Hotel=Sercotel%20Caspe&iata=&position=3&packageGroup=STANDALONE&price=976.02",https://tools-images.services.cvc.com.br/resize?width=827&height=485&type=auto&quality=80&url=https%3A%2F%2Fi.travelapi.com%2Flodging%2F1000000%2F50000%2F41100%2F41081%2Feeb39ad6_z.jpg,9999,pt-BR,0,1,https://tools-images.services.cvc.com.br/resize?width=827&height=485&type=auto&quality=80&url=https%3A%2F%2Fi.travelapi.com%2Flodging%2F1000000%2F50000%2F41100%2F41081%2Feeb39ad6_z.jpg
61156766,"Disney’s Art of Animation 
Resort",hotel_internacional,estados_unidos_orlando,695.00,BRL,"https://www.cvc.com.br/hotel/detail/orlando-fl-estados-unidos-da-america/disneys-art-of-animation-resort?&CheckIn=2026-09-15&CheckOut=2026-09-19&Location=Orlando%20-%20FL%20,%20Estados%20Unidos%20da%20America&ZoneId=13601&HotelId=61156766&Rooms=1&Adults=4&Children=0&ChildAges=&Latitude=28.3499509&Longitude=-81.5484385&City=Orlando&State=Florida&Country=Estados%20Unidos%20Da%20America&Hotel=Disney%27s%20Art%20Of%20Animation%20Resort&iata=&position=1",https://tools-images.services.cvc.com.br/resize?width=827&height=485&type=auto&quality=80&url=https%3A%2F%2Fi.travelapi.com%2Flodging%2F1000000%2F50000%2F41100%2F41081%2Feeb39ad6_z.jpg,9999,pt-BR,0,1,https://tools-images.services.cvc.com.br/resize?width=827&height=485&type=auto&quality=80&url=https%3A%2F%2Fi.travelapi.com%2Flodging%2F1000000%2F50000%2F41100%2F41081%2Feeb39ad6_z.jpg
61198306,PESTANA ARENA BARCELONA,hotel_internacional,espanha_barcelona,485.00,BRL,"https://cvc.com.br/hotel/detail/barcelona-catalunha-espanha/pestana-arena-barcelona?HotelId=61198306&CheckIn=2026-11-08&CheckOut=2026-11-14&Location=Barcelona%20-%20Catalunha%20,%20Espanha&ZoneId=33785&Rooms=1&Adults=2&Children=0&ChildAges=&Latitude=41.376738&Longitude=2.145999&City=Barcelona&State=Catalunia&Country=Espanha&Hotel=Pestana%20Arena%20Barcelona&iata=&position=1&packageGroup=STANDALONE&price=950.35",https://tools-images.services.cvc.com.br/resize?width=827&height=485&type=auto&quality=80&url=https%3A%2F%2Fi.travelapi.com%2Flodging%2F1000000%2F50000%2F41100%2F41081%2Feeb39ad6_z.jpg,9999,pt-BR,0,1,https://tools-images.services.cvc.com.br/resize?width=827&height=485&type=auto&quality=80&url=https%3A%2F%2Fi.travelapi.com%2Flodging%2F1000000%2F50000%2F41100%2F41081%2Feeb39ad6_z.jpg
61226361,ROME GARDEN HOTEL,hotel_internacional,italia_roma,672.50,BRL,"https://cvc.com.br/hotel/detail/roma-lacio-italia/rome-garden-hotel?HotelId=61226361&CheckIn=2026-10-20&CheckOut=2026-10-24&Location=Roma%20-%20Lacio%20,%20Italia&ZoneId=34378&Rooms=1&Adults=2&Children=0&ChildAges=&Latitude=41.9116093&Longitude=12.5053139&City=Roma&State=Lazio&Country=Italia&Hotel=Rome%20Garden%20Hotel&iata=&position=1&packageGroup=STANDALONE&price=1347.1",https://tools-images.services.cvc.com.br/resize?width=827&height=485&type=auto&quality=80&url=https%3A%2F%2Fi.travelapi.com%2Flodging%2F1000000%2F50000%2F41100%2F41081%2Feeb39ad6_z.jpg,9999,pt-BR,0,1,https://tools-images.services.cvc.com.br/resize?width=827&height=485&type=auto&quality=80&url=https%3A%2F%2Fi.travelapi.com%2Flodging%2F1000000%2F50000%2F41100%2F41081%2Feeb39ad6_z.jpg
61245688,Disney's All-Star Sports Resort,hotel_internacional,estados_unidos_orlando,384.00,BRL,"https://www.cvc.com.br/hotel/detail/orlando-fl-estados-unidos-da-america/disneys-all-star-sports-resort?&CheckIn=2026-09-15&CheckOut=2026-09-19&Location=Orlando%20-%20FL%20,%20Estados%20Unidos%20da%20America&ZoneId=13601&HotelId=61245688&Rooms=1&Adults=4&Children=0&ChildAges=&Latitude=28.3436338&Longitude=-81.5752405&City=Orlando&State=Florida&Country=Estados%20Unidos%20Da%20America&Hotel=Disney%27s%20All-star%20Sports%20Resort&iata=&position=1",https://tools-images.services.cvc.com.br/resize?width=827&height=485&type=auto&quality=80&url=https%3A%2F%2Fi.travelapi.com%2Flodging%2F1000000%2F50000%2F41100%2F41081%2Feeb39ad6_z.jpg,9999,pt-BR,0,1,https://tools-images.services.cvc.com.br/resize?width=827&height=485&type=auto&quality=80&url=https%3A%2F%2Fi.travelapi.com%2Flodging%2F1000000%2F50000%2F41100%2F41081%2Feeb39ad6_z.jpg
61249597,VILA GALÉ COLLECTION PALÁCIO DOS ARCOS,hotel_internacional,portugal_oeiras,735.50,BRL,"https://cvc.com.br/hotel/detail/lisboa-lisboa-portugal/vila-gale-collection-palacio-dos-arcos-hotel?HotelId=61249597&CheckIn=2026-11-03&CheckOut=2026-11-08&Location=Lisboa%20-%20Lisboa%20,%20Portugal&ZoneId=34301&Rooms=1&Adults=2&Children=0&ChildAges=&Latitude=38.695926&Longitude=-9.2898945&City=Lisboa&State=Lisboa&Country=Portugal&Hotel=Vila%20Gale%20Collection%20Palacio%20Dos%20Arcos%20Hotel&iata=&position=1&packageGroup=STANDALONE&price=1470.67",https://tools-images.services.cvc.com.br/resize?width=827&height=485&type=auto&quality=80&url=https%3A%2F%2Fi.travelapi.com%2Flodging%2F1000000%2F50000%2F41100%2F41081%2Feeb39ad6_z.jpg,9999,pt-BR,0,1,https://tools-images.services.cvc.com.br/resize?width=827&height=485&type=auto&quality=80&url=https%3A%2F%2Fi.travelapi.com%2Flodging%2F1000000%2F50000%2F41100%2F41081%2Feeb39ad6_z.jpg
6125055Z,Universal Stella Nova Resort,hotel_internacional,estados_unidos_orlando,312.00,BRL,"https://www.cvc.com.br/hotel/detail/orlando-fl-estados-unidos-da-america/universals-stella-nova-resort?&CheckIn=2026-12-20&CheckOut=2026-12-25&Location=Orlando%20-%20FL%20,%20Estados%20Unidos%20da%20America&ZoneId=13601&HotelId=6125055Z&Rooms=1&Adults=4&Children=0&ChildAges=&Latitude=28.433397&Longitude=-81.44966&City=Orlando&State=Florida&Country=Estados%20Unidos%20Da%20America&Hotel=Universal%27s%20Stella%20Nova%20Resort&iata=&position=1",https://tools-images.services.cvc.com.br/resize?width=827&height=485&type=auto&quality=80&url=https%3A%2F%2Fi.travelapi.com%2Flodging%2F1000000%2F50000%2F41100%2F41081%2Feeb39ad6_z.jpg,9999,pt-BR,0,1,https://tools-images.services.cvc.com.br/resize?width=827&height=485&type=auto&quality=80&url=https%3A%2F%2Fi.travelapi.com%2Flodging%2F1000000%2F50000%2F41100%2F41081%2Feeb39ad6_z.jpg
6125059W,Universal Terra Luna Resort,hotel_internacional,estados_unidos_orlando,391.04,BRL,"https://www.cvc.com.br/hotel/detail/orlando-fl-estados-unidos-da-america/universals-terra-luna-resort?&CheckIn=2026-12-20&CheckOut=2026-12-25&Location=Orlando%20-%20FL%20,%20Estados%20Unidos%20da%20America&ZoneId=13601&HotelId=6125059W&Rooms=1&Adults=4&Children=0&ChildAges=&Latitude=28.433983&Longitude=-81.45218&City=Orlando&State=Florida&Country=Estados%20Unidos%20Da%20America&Hotel=Universal%27s%20Terra%20Luna%20Resort&iata=&position=1",https://tools-images.services.cvc.com.br/resize?width=827&height=485&type=auto&quality=80&url=https%3A%2F%2Fi.travelapi.com%2Flodging%2F1000000%2F50000%2F41100%2F41081%2Feeb39ad6_z.jpg,9999,pt-BR,0,1,https://tools-images.services.cvc.com.br/resize?width=827&height=485&type=auto&quality=80&url=https%3A%2F%2Fi.travelapi.com%2Flodging%2F1000000%2F50000%2F41100%2F41081%2Feeb39ad6_z.jpg
61271047,CELLAI FLORENÇA,hotel_internacional,italia_florenca,957.00,BRL,"https://cvc.com.br/hotel/detail/florenca-toscana-italia/cellai-boutique-hotel?HotelId=61271047&CheckIn=2026-10-20&CheckOut=2026-10-24&Location=Floren%C3%A7a%20-%20Toscana%20,%20Italia&ZoneId=10106&Rooms=1&Adults=2&Children=0&ChildAges=&Latitude=43.7793659089292&Longitude=11.2553993259078&City=Floren%C3%A7a&State=Toscana&Country=Italia&Hotel=Cellai%20Boutique%20Hotel&iata=&position=1&packageGroup=STANDALONE&price=1913.08",https://tools-images.services.cvc.com.br/resize?width=827&height=485&type=auto&quality=80&url=https%3A%2F%2Fi.travelapi.com%2Flodging%2F1000000%2F50000%2F41100%2F41081%2Feeb39ad6_z.jpg,9999,pt-BR,0,1,https://tools-images.services.cvc.com.br/resize?width=827&height=485&type=auto&quality=80&url=https%3A%2F%2Fi.travelapi.com%2Flodging%2F1000000%2F50000%2F41100%2F41081%2Feeb39ad6_z.jpg
61283840,HOTEL DIANA ROOF GARDEN,hotel_internacional,italia_roma,1381.50,BRL,"https://cvc.com.br/hotel/detail/roma-lacio-italia/hotel-diana-roof-garden?HotelId=61283840&CheckIn=2026-10-12&CheckOut=2026-10-17&Location=Roma%20-%20Lacio%20,%20Italia&ZoneId=34378&Rooms=1&Adults=2&Children=0&ChildAges=&Latitude=41.9007489&Longitude=12.4973909&City=Roma&State=Lazio&Country=Italia&Hotel=Hotel%20Diana%20Roof%20Garden&iata=&position=1&packageGroup=STANDALONE&price=2762.87",https://tools-images.services.cvc.com.br/resize?width=827&height=485&type=auto&quality=80&url=https%3A%2F%2Fi.travelapi.com%2Flodging%2F1000000%2F50000%2F41100%2F41081%2Feeb39ad6_z.jpg,9999,pt-BR,0,1,https://tools-images.services.cvc.com.br/resize?width=827&height=485&type=auto&quality=80&url=https%3A%2F%2Fi.travelapi.com%2Flodging%2F1000000%2F50000%2F41100%2F41081%2Feeb39ad6_z.jpg
61303537,M CONCEPT,hotel_internacional,argentina_buenos_aires,388.00,BRL,https://cvc.com.br/hotel/detail/buenos-aires-buenos-aires-argentina/m-concept-hotel?HotelId=61303537&CheckIn=2026-11-18&CheckOut=2026-11-22&Location=BUENOS%20AIRES%20-%20BUENOS%20AIRES%20-%20ARGENTINA&ZoneId=28&Rooms=1&Adults=2&Children=0&ChildAges=&Latitude=-34.61159&Longitude=-58.37489&City=Buenos%20Aires&State=Buenos%20Aires&Country=Argentina&Hotel=M%20Concept%20Hotel&iata=&position=1&packageGroup=STANDALONE&price=484.45,https://tools-images.services.cvc.com.br/resize?width=827&height=485&type=auto&quality=80&url=https%3A%2F%2Fi.travelapi.com%2Flodging%2F1000000%2F50000%2F41100%2F41081%2Feeb39ad6_z.jpg,9999,pt-BR,0,1,https://tools-images.services.cvc.com.br/resize?width=827&height=485&type=auto&quality=80&url=https%3A%2F%2Fi.travelapi.com%2Flodging%2F1000000%2F50000%2F41100%2F41081%2Feeb39ad6_z.jpg
6136084V,"Universal Helios Grand Hotel, a Loews Hotel",hotel_internacional,estados_unidos_orlando,934.91,BRL,"https://www.cvc.com.br/hotel/detail/orlando-fl-estados-unidos-da-america/universal-helios-grand-hotel-a-loews-hotel?&CheckIn=2026-12-20&CheckOut=2026-12-25&Location=Orlando%20-%20FL%20,%20Estados%20Unidos%20da%20America&ZoneId=13601&HotelId=6136084V&Rooms=1&Adults=4&Children=0&ChildAges=&Latitude=28.4420132758876&Longitude=-81.4494127977717&City=Orlando&State=Florida&Country=Estados%20Unidos%20Da%20America&Hotel=Universal%20Helios%20Grand%20Hotel,%20A%20Loews%20Hotel&iata=&position=1",https://tools-images.services.cvc.com.br/resize?width=827&height=485&type=auto&quality=80&url=https%3A%2F%2Fi.travelapi.com%2Flodging%2F1000000%2F50000%2F41100%2F41081%2Feeb39ad6_z.jpg,9999,pt-BR,0,1,https://tools-images.services.cvc.com.br/resize?width=827&height=485&type=auto&quality=80&url=https%3A%2F%2Fi.travelapi.com%2Flodging%2F1000000%2F50000%2F41100%2F41081%2Feeb39ad6_z.jpg
61388467,HTL LA MALINKA,hotel_internacional,argentina_bariloche,389.00,BRL,"https://cvc.com.br/hotel/detail/bariloche-rio-negro-argentina/htl-la-malinka?HotelId=61388467&CheckIn=2026-11-18&CheckOut=2026-11-22&Location=Bariloche%20-%20Rio%20Negro%20,%20Argentina&ZoneId=36&Rooms=1&Adults=2&Children=0&ChildAges=&Latitude=-41.123173&Longitude=-71.363564&City=Bariloche&State=Rio%20Negro&Country=Argentina&Hotel=HTL%20La%20Malinka&iata=&position=1&packageGroup=STANDALONE&price=388.9",https://tools-images.services.cvc.com.br/resize?width=827&height=485&type=auto&quality=80&url=https%3A%2F%2Fi.travelapi.com%2Flodging%2F1000000%2F50000%2F41100%2F41081%2Feeb39ad6_z.jpg,9999,pt-BR,0,1,https://tools-images.services.cvc.com.br/resize?width=827&height=485&type=auto&quality=80&url=https%3A%2F%2Fi.travelapi.com%2Flodging%2F1000000%2F50000%2F41100%2F41081%2Feeb39ad6_z.jpg
61646068,BAHIA PRINCIPE EXPLORE LEGEND,hotel_internacional,republica_dominicana_punta_cana,753.50,BRL,"https://www.cvc.com.br/hotel/detail/punta-cana-la-altagracia-republica-dominicana/bahia-principe-explore-legend?&CheckIn=2026-10-18&CheckOut=2026-10-24&Location=Punta%20Cana%20-%20La%20Altagracia%20,%20Republica%20Dominicana&ZoneId=9997&HotelId=61646068&Rooms=1&Adults=2&Children=0&ChildAges=&Latitude=18.721190664741&Longitude=-68.4627933105263&City=Punta%20Cana&State=Republica%20Dominicana&Country=Republica%20Dominicana&Hotel=Bahia%20Principe%20Explore%20Legend&iata=&position=5",https://tools-images.services.cvc.com.br/resize?width=827&height=485&type=auto&quality=80&url=https%3A%2F%2Fi.travelapi.com%2Flodging%2F1000000%2F50000%2F41100%2F41081%2Feeb39ad6_z.jpg,9999,pt-BR,0,1,https://tools-images.services.cvc.com.br/resize?width=827&height=485&type=auto&quality=80&url=https%3A%2F%2Fi.travelapi.com%2Flodging%2F1000000%2F50000%2F41100%2F41081%2Feeb39ad6_z.jpg
61698133,TURIM SALDANHA,hotel_internacional,portugal_lisboa,513.00,BRL,"https://cvc.com.br/hotel/detail/lisboa-lisboa-portugal/turim-saldanha-hotel?HotelId=61698133&CheckIn=2026-10-20&CheckOut=2026-10-24&Location=Lisboa%20-%20Lisboa%20,%20Portugal&ZoneId=34301&Rooms=1&Adults=2&Children=0&ChildAges=&Latitude=38.73228&Longitude=-9.14798&City=Lisboa&State=Lisboa&Country=Portugal&Hotel=TURIM%20Saldanha%20Hotel&iata=&position=1&packageGroup=STANDALONE&price=1025.92",https://tools-images.services.cvc.com.br/resize?width=827&height=485&type=auto&quality=80&url=https%3A%2F%2Fi.travelapi.com%2Flodging%2F1000000%2F50000%2F41100%2F41081%2Feeb39ad6_z.jpg,9999,pt-BR,0,1,https://tools-images.services.cvc.com.br/resize?width=827&height=485&type=auto&quality=80&url=https%3A%2F%2Fi.travelapi.com%2Flodging%2F1000000%2F50000%2F41100%2F41081%2Feeb39ad6_z.jpg
61699316,Universal Loews Royal Pacific Resort,hotel_internacional,estados_unidos_orlando,1806.19,BRL,"https://www.cvc.com.br/hotel/detail/orlando-fl-estados-unidos-da-america/universals-loews-royal-pacific-resort?&CheckIn=2026-12-20&CheckOut=2026-12-25&Location=Orlando%20-%20FL%20,%20Estados%20Unidos%20da%20America&ZoneId=13601&HotelId=61699316&Rooms=1&Adults=4&Children=0&ChildAges=&Latitude=28.4704&Longitude=-81.46783&City=Orlando&State=Florida&Country=Estados%20Unidos%20Da%20America&Hotel=Universal%E2%80%99s%20Loews%20Royal%20Pacific%20Resort&iata=&position=6",https://tools-images.services.cvc.com.br/resize?width=827&height=485&type=auto&quality=80&url=https%3A%2F%2Fi.travelapi.com%2Flodging%2F1000000%2F50000%2F41100%2F41081%2Feeb39ad6_z.jpg,9999,pt-BR,0,1,https://tools-images.services.cvc.com.br/resize?width=827&height=485&type=auto&quality=80&url=https%3A%2F%2Fi.travelapi.com%2Flodging%2F1000000%2F50000%2F41100%2F41081%2Feeb39ad6_z.jpg
61736053,Courtyard by Marriott Aruba,hotel_internacional,aruba_aruba,948.57,BRL,https://www.cvc.com.br/hotel/detail/aruba-aruba-aruba/courtyard-by-marriott-aruba-resort?&CheckIn=2026-12-16&CheckOut=2026-12-23&Location=Aruba%20-%20Aruba%20-%20Aruba&ZoneId=54&HotelId=61736053&Rooms=1&Adults=1&Children=0&ChildAges=&Latitude=12.56404&Longitude=-70.04695&City=Aruba&State=Aruba&Country=Aruba&Hotel=Courtyard%20By%20Marriott%20Aruba%20Resort&iata=&position=1,https://tools-images.services.cvc.com.br/resize?width=827&height=485&type=auto&quality=80&url=https%3A%2F%2Fi.travelapi.com%2Flodging%2F1000000%2F50000%2F41100%2F41081%2Feeb39ad6_z.jpg,9999,pt-BR,0,1,https://tools-images.services.cvc.com.br/resize?width=827&height=485&type=auto&quality=80&url=https%3A%2F%2Fi.travelapi.com%2Flodging%2F1000000%2F50000%2F41100%2F41081%2Feeb39ad6_z.jpg
61780689,Universal Loews Portofino Bay Hotel,hotel_internacional,estados_unidos_orlando,1812.68,BRL,"https://www.cvc.com.br/hotel/detail/orlando-fl-estados-unidos-da-america/universals-loews-portofino-bay-hotel?&CheckIn=2026-12-20&CheckOut=2026-12-25&Location=Orlando%20-%20FL%20,%20Estados%20Unidos%20da%20America&ZoneId=13601&HotelId=61780689&Rooms=1&Adults=4&Children=0&ChildAges=&Latitude=28.47906&Longitude=-81.46394&City=Orlando&State=Florida&Country=Estados%20Unidos%20Da%20America&Hotel=Universal%E2%80%99s%20Loews%20Portofino%20Bay%20Hotel&iata=&position=1",https://tools-images.services.cvc.com.br/resize?width=827&height=485&type=auto&quality=80&url=https%3A%2F%2Fi.travelapi.com%2Flodging%2F1000000%2F50000%2F41100%2F41081%2Feeb39ad6_z.jpg,9999,pt-BR,0,1,https://tools-images.services.cvc.com.br/resize?width=827&height=485&type=auto&quality=80&url=https%3A%2F%2Fi.travelapi.com%2Flodging%2F1000000%2F50000%2F41100%2F41081%2Feeb39ad6_z.jpg
61786148,Universal Cabana Bay Beach Resort,hotel_internacional,estados_unidos_orlando,274.00,BRL,"https://www.cvc.com.br/hotel/detail/orlando-florida-estados-unidos-da-america/universals-cabana-bay-beach-resort?HotelId=61786148&CheckIn=2026-09-21&CheckOut=2026-09-25&Rooms=1&Adults=4&Children=0&ChildAges=&Location=Orlando%20-%20FL%20,%20Estados%20Unidos%20da%20America&ZoneId=13601&City=Orlando&State=Florida&Country=Estados%20Unidos%20Da%20America&Name=Orlando&Hotel=Universal%27s%20Cabana%20Bay%20Beach%20Resort",https://tools-images.services.cvc.com.br/resize?width=827&height=485&type=auto&quality=80&url=https%3A%2F%2Fi.travelapi.com%2Flodging%2F1000000%2F50000%2F41100%2F41081%2Feeb39ad6_z.jpg,9999,pt-BR,0,1,https://tools-images.services.cvc.com.br/resize?width=827&height=485&type=auto&quality=80&url=https%3A%2F%2Fi.travelapi.com%2Flodging%2F1000000%2F50000%2F41100%2F41081%2Feeb39ad6_z.jpg
61809457,REGENTE PALACE,hotel_internacional,argentina_buenos_aires,680.00,BRL,https://cvc.com.br/hotel/detail/waldorf-hotel-buenos-aires-buenos-aires-argentina/regente-palace-hotel?HotelId=61809457&CheckIn=2026-10-19&CheckOut=2026-10-25&Location=WALDORF%20HOTEL%20BUENOS%20AIRES%20-%20BUENOS%20AIRES%20-%20ARGENTINA&ZoneId=28&Rooms=1&Adults=2&Children=0&ChildAges=&Latitude=-34.5968857&Longitude=-58.3801432&City=Buenos%20Aires&State=Buenos%20Aires&Country=Argentina&Hotel=Regente%20Palace%20Hotel&iata=&position=1&packageGroup=STANDALONE&price=759.4,https://tools-images.services.cvc.com.br/resize?width=827&height=485&type=auto&quality=80&url=https%3A%2F%2Fi.travelapi.com%2Flodging%2F1000000%2F50000%2F41100%2F41081%2Feeb39ad6_z.jpg,9999,pt-BR,0,1,https://tools-images.services.cvc.com.br/resize?width=827&height=485&type=auto&quality=80&url=https%3A%2F%2Fi.travelapi.com%2Flodging%2F1000000%2F50000%2F41100%2F41081%2Feeb39ad6_z.jpg
61849290,Monreale Express International Drive,hotel_internacional,estados_unidos_orlando,157.00,BRL,"https://www.cvc.com.br/hotel/detail/orlando-fl-estados-unidos-da-america/hotel-monreale-express-international-drive-orlando?&CheckIn=2026-12-17&CheckOut=2026-12-27&Location=Orlando%20-%20FL%20,%20Estados%20Unidos%20da%20America&ZoneId=13601&HotelId=61849290&Rooms=1&Adults=4&Children=0&ChildAges=&Latitude=28.462864&Longitude=-81.466537&City=Orlando&State=Florida&Country=Estados%20Unidos%20Da%20America&Hotel=Hotel%20Monreale%20Express%20International%20Drive%20Orlando&iata=&position=2",https://tools-images.services.cvc.com.br/resize?width=827&height=485&type=auto&quality=80&url=https%3A%2F%2Fi.travelapi.com%2Flodging%2F1000000%2F50000%2F41100%2F41081%2Feeb39ad6_z.jpg,9999,pt-BR,0,1,https://tools-images.services.cvc.com.br/resize?width=827&height=485&type=auto&quality=80&url=https%3A%2F%2Fi.travelapi.com%2Flodging%2F1000000%2F50000%2F41100%2F41081%2Feeb39ad6_z.jpg
61980822,BEST AUTO HOGAR,hotel_internacional,espanha_barcelona,565.00,BRL,"https://cvc.com.br/hotel/detail/barcelona-catalunha-espanha/hotel-best-auto-hogar?HotelId=61980822&CheckIn=2026-10-20&CheckOut=2026-10-24&Location=Barcelona%20-%20Catalunha%20,%20Espanha&ZoneId=33785&Rooms=1&Adults=2&Children=0&ChildAges=&Latitude=41.3752&Longitude=2.169207&City=Barcelona&State=Catalunia&Country=Espanha&Hotel=Hotel%20Best%20Auto%20Hogar&iata=&position=2&packageGroup=STANDALONE&price=1129.66",https://tools-images.services.cvc.com.br/resize?width=827&height=485&type=auto&quality=80&url=https%3A%2F%2Fi.travelapi.com%2Flodging%2F1000000%2F50000%2F41100%2F41081%2Feeb39ad6_z.jpg,9999,pt-BR,0,1,https://tools-images.services.cvc.com.br/resize?width=827&height=485&type=auto&quality=80&url=https%3A%2F%2Fi.travelapi.com%2Flodging%2F1000000%2F50000%2F41100%2F41081%2Feeb39ad6_z.jpg
UID103795,Renaissance Wind Creek Curaçao Resort,hotel_internacional,curacao_curacao,513.33,BRL,"https://www.cvc.com.br/hotel/detail/curacao-antilhas-holandesas/renaissance-wind-creek-curacao-resort?&CheckIn=2026-11-10&CheckOut=2026-11-17&Location=Curacao%20-%20%20,%20Antilhas%20Holandesas&ZoneId=19&HotelId=UID103795&Rooms=1&Adults=1&Children=0&ChildAges=&Latitude=12.1053879&Longitude=-68.9377106&City=Curacao&State=Curacao&Country=Antilhas%20Holandesas&Hotel=Renaissance%20Wind%20Creek%20Curacao%20Resort&iata=&position=1",https://tools-images.services.cvc.com.br/resize?width=827&height=485&type=auto&quality=80&url=https%3A%2F%2Fi.travelapi.com%2Flodging%2F1000000%2F50000%2F41100%2F41081%2Feeb39ad6_z.jpg,9999,pt-BR,0,1,https://tools-images.services.cvc.com.br/resize?width=827&height=485&type=auto&quality=80&url=https%3A%2F%2Fi.travelapi.com%2Flodging%2F1000000%2F50000%2F41100%2F41081%2Feeb39ad6_z.jpg
UID11270,Decameron San Luis,hotel_internacional,colombia_san_andres,479.00,BRL,"https://www.cvc.com.br/hotel/detail/san-andres-colombia-co-colombia/decameron-san-luis?&CheckIn=2026-09-25&CheckOut=2026-09-29&Location=San%20Andres%20-%20Colombia%20/%20CO,%20Colombia&ZoneId=9938&HotelId=UID11270&Rooms=1&Adults=2&Children=0&ChildAges=&Latitude=12.5143876&Longitude=-81.7176327&City=San%20Andres&State=Colombia&Country=Colombia&Hotel=Decameron%20San%20Luis&iata=&position=5",https://tools-images.services.cvc.com.br/resize?width=827&height=485&type=auto&quality=80&url=https%3A%2F%2Fi.travelapi.com%2Flodging%2F1000000%2F50000%2F41100%2F41081%2Feeb39ad6_z.jpg,9999,pt-BR,0,1,https://tools-images.services.cvc.com.br/resize?width=827&height=485&type=auto&quality=80&url=https%3A%2F%2Fi.travelapi.com%2Flodging%2F1000000%2F50000%2F41100%2F41081%2Feeb39ad6_z.jpg
UID12144,HEETON CONCEPT KENSINGTON LONDON,hotel_internacional,reino_unido_londres,482.00,BRL,"https://cvc.com.br/hotel/detail/londres-londres-inglaterra/heeton-concept-hotel-kensington-london?HotelId=UID12144&CheckIn=2026-11-03&CheckOut=2026-11-08&Location=Londres%20-%20Londres%20,%20Inglaterra&ZoneId=10016&Rooms=1&Adults=2&Children=0&ChildAges=&Latitude=51.4934661&Longitude=-0.1922527&City=Londres&State=Londres&Country=Gra-Bretanha&Hotel=Heeton%20Concept%20Hotel%20-%20Kensington%20London&iata=&position=1&packageGroup=STANDALONE&price=1020.13",https://tools-images.services.cvc.com.br/resize?width=827&height=485&type=auto&quality=80&url=https%3A%2F%2Fi.travelapi.com%2Flodging%2F1000000%2F50000%2F41100%2F41081%2Feeb39ad6_z.jpg,9999,pt-BR,0,1,https://tools-images.services.cvc.com.br/resize?width=827&height=485&type=auto&quality=80&url=https%3A%2F%2Fi.travelapi.com%2Flodging%2F1000000%2F50000%2F41100%2F41081%2Feeb39ad6_z.jpg
UID123769,Railay Princess Resort & Spa,hotel_internacional,tailandia_krabi,216.00,BRL,"https://www.cvc.com.br/hotel/detail/krabi-krabi-tailandia/railay-princess-resort-spa?&CheckIn=2026-09-18&CheckOut=2026-09-24&Location=Krabi%20-%20Krabi%20,%20Tailandia&ZoneId=40731&HotelId=UID123769&Rooms=1&Adults=2&Children=0&ChildAges=&Latitude=8.0109086032314&Longitude=98.840571641922&City=Krabi&State=Krabi&Country=Tailandia&Hotel=Railay%20Princess%20Resort%20&%20Spa&iata=&position=1",https://tools-images.services.cvc.com.br/resize?width=827&height=485&type=auto&quality=80&url=https%3A%2F%2Fi.travelapi.com%2Flodging%2F1000000%2F50000%2F41100%2F41081%2Feeb39ad6_z.jpg,9999,pt-BR,0,1,https://tools-images.services.cvc.com.br/resize?width=827&height=485&type=auto&quality=80&url=https%3A%2F%2Fi.travelapi.com%2Flodging%2F1000000%2F50000%2F41100%2F41081%2Feeb39ad6_z.jpg
UID1283815,Hotel Xcaret Arte - All Parks / All Fun Inclusive,hotel_internacional,mexico_riviera_maya,3085.00,BRL,"https://www.cvc.com.br/hotel/detail/riviera-maya-quintana-roo-mexico/hotel-xcaret-arte?&CheckIn=2026-11-22&CheckOut=2026-11-27&Location=Riviera%20Maya%20-%20Quintana%20Roo%20,%20Mexico&ZoneId=10117&HotelId=UID1283815&Rooms=1&Adults=2&Children=0&ChildAges=&Latitude=20.5888234568033&Longitude=-87.1090868483149&City=Riviera%20Maya&State=Quintana%20Roo&Country=Mexico&Hotel=Hotel%20Xcaret%20Arte&iata=&position=3",https://tools-images.services.cvc.com.br/resize?width=827&height=485&type=auto&quality=80&url=https%3A%2F%2Fi.travelapi.com%2Flodging%2F1000000%2F50000%2F41100%2F41081%2Feeb39ad6_z.jpg,9999,pt-BR,0,1,https://tools-images.services.cvc.com.br/resize?width=827&height=485&type=auto&quality=80&url=https%3A%2F%2Fi.travelapi.com%2Flodging%2F1000000%2F50000%2F41100%2F41081%2Feeb39ad6_z.jpg
UID129276,Mercure Santiago Providencia,hotel_internacional,chile_santiago,236.00,BRL,"https://www.cvc.com.br/hotel/detail/santiago-region-metropolitana-chile/mercure-santiago-centro?&CheckIn=2026-09-20&CheckOut=2026-09-24&Location=Santiago%20-%20Region%20Metropolitana%20,%20Chile&ZoneId=9919&HotelId=UID129276&Rooms=1&Adults=2&Children=0&ChildAges=&Latitude=-33.4427994&Longitude=-70.6453506&City=Santiago&State=Santiago&Country=Chile&Hotel=Mercure%20Santiago%20Centro&iata=&position=1",https://tools-images.services.cvc.com.br/resize?width=827&height=485&type=auto&quality=80&url=https%3A%2F%2Fi.travelapi.com%2Flodging%2F1000000%2F50000%2F41100%2F41081%2Feeb39ad6_z.jpg,9999,pt-BR,0,1,https://tools-images.services.cvc.com.br/resize?width=827&height=485&type=auto&quality=80&url=https%3A%2F%2Fi.travelapi.com%2Flodging%2F1000000%2F50000%2F41100%2F41081%2Feeb39ad6_z.jpg
UID13983,Iberostar Selection Cancun,hotel_internacional,mexico_cancun,808.00,BRL,"https://www.cvc.com.br/hotel/detail/cancun-quintana-roo-mexico/iberostar-selection-cancun?&CheckIn=2026-10-04&CheckOut=2026-10-09&Location=Cancun%20-%20Quintana%20Roo%20,%20Mexico&ZoneId=10116&HotelId=UID13983&Rooms=1&Adults=2&Children=0&ChildAges=&Latitude=21.066837&Longitude=-86.778578&City=Cancun&State=Quintana%20Roo&Country=Mexico&Hotel=Iberostar%20Selection%20Canc%C3%BAn&iata=&position=1",https://tools-images.services.cvc.com.br/resize?width=827&height=485&type=auto&quality=80&url=https%3A%2F%2Fi.travelapi.com%2Flodging%2F1000000%2F50000%2F41100%2F41081%2Feeb39ad6_z.jpg,9999,pt-BR,0,1,https://tools-images.services.cvc.com.br/resize?width=827&height=485&type=auto&quality=80&url=https%3A%2F%2Fi.travelapi.com%2Flodging%2F1000000%2F50000%2F41100%2F41081%2Feeb39ad6_z.jpg
UID17725,MORGANA ROMA,hotel_internacional,italia_roma,948.00,BRL,"https://cvc.com.br/hotel/detail/roma-lacio-italia/hotel-morgana?HotelId=UID17725&CheckIn=2026-10-20&CheckOut=2026-10-24&Location=Roma%20-%20Lacio%20,%20Italia&ZoneId=34378&Rooms=1&Adults=2&Children=0&ChildAges=&Latitude=41.898872399224864&Longitude=12.501906374968133&City=Roma&State=Lazio&Country=Italia&Hotel=Hotel%20Morgana&iata=&position=5&packageGroup=STANDALONE&price=1895.7",https://tools-images.services.cvc.com.br/resize?width=827&height=485&type=auto&quality=80&url=https%3A%2F%2Fi.travelapi.com%2Flodging%2F1000000%2F50000%2F41100%2F41081%2Feeb39ad6_z.jpg,9999,pt-BR,0,1,https://tools-images.services.cvc.com.br/resize?width=827&height=485&type=auto&quality=80&url=https%3A%2F%2Fi.travelapi.com%2Flodging%2F1000000%2F50000%2F41100%2F41081%2Feeb39ad6_z.jpg
UID19459,SUNSCAPE CURAÇAO RESORT,hotel_internacional,curacao_curacao,1098.57,BRL,"https://www.cvc.com.br/hotel/detail/curacao-antilhas-holandesas/sunscape-curacao-resort?&CheckIn=2026-11-10&CheckOut=2026-11-17&Location=Curacao%20-%20%20,%20Antilhas%20Holandesas&ZoneId=19&HotelId=UID19459&Rooms=1&Adults=1&Children=0&ChildAges=&Latitude=12.0899203&Longitude=-68.9029156&City=Curacao&State=Curacao&Country=Antilhas%20Holandesas&Hotel=Sunscape%20Cura%C3%A7ao%20Resort&iata=&position=1",https://tools-images.services.cvc.com.br/resize?width=827&height=485&type=auto&quality=80&url=https%3A%2F%2Fi.travelapi.com%2Flodging%2F1000000%2F50000%2F41100%2F41081%2Feeb39ad6_z.jpg,9999,pt-BR,0,1,https://tools-images.services.cvc.com.br/resize?width=827&height=485&type=auto&quality=80&url=https%3A%2F%2Fi.travelapi.com%2Flodging%2F1000000%2F50000%2F41100%2F41081%2Feeb39ad6_z.jpg
UID19889,ROW NYC,hotel_internacional,estados_unidos_new_york,346.74,BRL,"https://cvc.com.br/hotel/detail/nova-york-ny-estados-unidos-da-america/row-nyc?HotelId=UID19889&CheckIn=2027-01-22&CheckOut=2027-01-26&Location=Nova%20York%20-%20NY%20,%20Estados%20Unidos%20da%20America&ZoneId=25651&Rooms=1&Adults=2&Children=0&ChildAges=&Latitude=40.758824&Longitude=-73.988522&City=New%20York&State=New%20York&Country=Estados%20Unidos%20Da%20America&Hotel=Row%20Nyc&iata=&position=3&packageGroup=STANDALONE&price=724.02",https://tools-images.services.cvc.com.br/resize?width=827&height=485&type=auto&quality=80&url=https%3A%2F%2Fi.travelapi.com%2Flodging%2F1000000%2F50000%2F41100%2F41081%2Feeb39ad6_z.jpg,9999,pt-BR,0,1,https://tools-images.services.cvc.com.br/resize?width=827&height=485&type=auto&quality=80&url=https%3A%2F%2Fi.travelapi.com%2Flodging%2F1000000%2F50000%2F41100%2F41081%2Feeb39ad6_z.jpg
UID19896,Ramada Kissimmee Gateway,hotel_internacional,estados_unidos_orlando,69.50,BRL,"https://atlas.cvc.com.br/hotel/detail/orlando-fl-estados-unidos-da-america/ramada-kissimmee-gateway-hotel?HotelId=UID19896&CheckIn=2026-11-10&CheckOut=2026-11-20&Location=Orlando%20-%20FL%20,%20Estados%20Unidos%20da%20America&ZoneId=13601&Rooms=1&Adults=4&Children=0&ChildAges=&Latitude=28.3298228&Longitude=-81.5883857&City=Orlando&State=Florida&Country=Estados%20Unidos%20Da%20America&Hotel=Ramada%20Kissimmee%20Gateway%20Hotel*&iata=&position=1&packageGroup=STANDALONE&price=278.72",https://tools-images.services.cvc.com.br/resize?width=827&height=485&type=auto&quality=80&url=https%3A%2F%2Fi.travelapi.com%2Flodging%2F1000000%2F50000%2F41100%2F41081%2Feeb39ad6_z.jpg,9999,pt-BR,0,1,https://tools-images.services.cvc.com.br/resize?width=827&height=485&type=auto&quality=80&url=https%3A%2F%2Fi.travelapi.com%2Flodging%2F1000000%2F50000%2F41100%2F41081%2Feeb39ad6_z.jpg
UID1996,Paradisus Cancun,hotel_internacional,mexico_cancun,1476.00,BRL,"https://www.cvc.com.br/hotel/detail/cancun-quintana-roo-mexico/paradisus-cancun?&CheckIn=2026-10-05&CheckOut=2026-10-10&Location=Cancun%20-%20Quintana%20Roo%20,%20Mexico&ZoneId=10116&HotelId=UID1996&Rooms=1&Adults=2&Children=0&ChildAges=&Latitude=21.083464&Longitude=-86.77199&City=Cancun&State=Quintana%20Roo&Country=Mexico&Hotel=Paradisus%20Cancun&iata=&position=6",https://tools-images.services.cvc.com.br/resize?width=827&height=485&type=auto&quality=80&url=https%3A%2F%2Fi.travelapi.com%2Flodging%2F1000000%2F50000%2F41100%2F41081%2Feeb39ad6_z.jpg,9999,pt-BR,0,1,https://tools-images.services.cvc.com.br/resize?width=827&height=485&type=auto&quality=80&url=https%3A%2F%2Fi.travelapi.com%2Flodging%2F1000000%2F50000%2F41100%2F41081%2Feeb39ad6_z.jpg
UID1998,Krystal Grand  Punta Cancun,hotel_internacional,mexico_cancun,678.00,BRL,"https://www.cvc.com.br/hotel/detail/cancun-quintana-roo-mexico/krystal-grand-cancun?&CheckIn=2026-10-18&CheckOut=2026-10-23&Location=Cancun%20-%20Quintana%20Roo%20,%20Mexico&ZoneId=10116&HotelId=UID1998&Rooms=1&Adults=2&Children=0&ChildAges=&Latitude=21.134743&Longitude=-86.743181&City=Cancun&State=Quintana%20Roo&Country=Mexico&Hotel=Krystal%20Grand%20Canc%C3%BAn&iata=&position=5",https://tools-images.services.cvc.com.br/resize?width=827&height=485&type=auto&quality=80&url=https%3A%2F%2Fi.travelapi.com%2Flodging%2F1000000%2F50000%2F41100%2F41081%2Feeb39ad6_z.jpg,9999,pt-BR,0,1,https://tools-images.services.cvc.com.br/resize?width=827&height=485&type=auto&quality=80&url=https%3A%2F%2Fi.travelapi.com%2Flodging%2F1000000%2F50000%2F41100%2F41081%2Feeb39ad6_z.jpg
UID2008,Grand Oasis Cancun,hotel_internacional,mexico_cancun,701.00,BRL,"https://www.cvc.com.br/hotel/detail/cancun-quintana-roo-mexico/the-grand-oasis-cancun?&CheckIn=2026-12-01&CheckOut=2026-12-06&Location=Cancun%20-%20Quintana%20Roo%20,%20Mexico&ZoneId=10116&HotelId=UID2008&Rooms=1&Adults=2&Children=0&ChildAges=&Latitude=21.077614&Longitude=-86.775237&City=Cancun&State=Quintana%20Roo&Country=Mexico&Hotel=The%20Grand%20Oasis%20Cancun%20&iata=&position=1",https://tools-images.services.cvc.com.br/resize?width=827&height=485&type=auto&quality=80&url=https%3A%2F%2Fi.travelapi.com%2Flodging%2F1000000%2F50000%2F41100%2F41081%2Feeb39ad6_z.jpg,9999,pt-BR,0,1,https://tools-images.services.cvc.com.br/resize?width=827&height=485&type=auto&quality=80&url=https%3A%2F%2Fi.travelapi.com%2Flodging%2F1000000%2F50000%2F41100%2F41081%2Feeb39ad6_z.jpg
UID22781,GEM FITZROVIA HOTEL,hotel_internacional,reino_unido_londres,898.50,BRL,"https://cvc.com.br/hotel/detail/londres-londres-inglaterra/gem-fitzrovia-hotel?HotelId=UID22781&CheckIn=2026-11-03&CheckOut=2026-11-08&Location=Londres%20-%20Londres%20,%20Inglaterra&ZoneId=10016&Rooms=1&Adults=2&Children=0&ChildAges=&Latitude=51.5217389241652&Longitude=-0.142628476023674&City=Londres&State=Londres&Country=Gra-Bretanha&Hotel=Gem%20Fitzrovia%20Hotel%20&iata=&position=1&packageGroup=STANDALONE&price=1936.51",https://tools-images.services.cvc.com.br/resize?width=827&height=485&type=auto&quality=80&url=https%3A%2F%2Fi.travelapi.com%2Flodging%2F1000000%2F50000%2F41100%2F41081%2Feeb39ad6_z.jpg,9999,pt-BR,0,1,https://tools-images.services.cvc.com.br/resize?width=827&height=485&type=auto&quality=80&url=https%3A%2F%2Fi.travelapi.com%2Flodging%2F1000000%2F50000%2F41100%2F41081%2Feeb39ad6_z.jpg
UID227922,BAHIA PRINCIPE EXPLORE ESMERALDA,hotel_internacional,republica_dominicana_punta_cana,763.50,BRL,"https://www.cvc.com.br/hotel/detail/punta-cana-la-altagracia-republica-dominicana/bahia-principe-explore-esmeralda?&CheckIn=2026-10-18&CheckOut=2026-10-24&Location=Punta%20Cana%20-%20La%20Altagracia%20,%20Republica%20Dominicana&ZoneId=9997&HotelId=UID227922&Rooms=1&Adults=2&Children=0&ChildAges=&Latitude=18.7249016383012&Longitude=-68.4594356804847&City=Punta%20Cana&State=Republica%20Dominicana&Country=Republica%20Dominicana&Hotel=Bahia%20Principe%20Explore%20Esmeralda&iata=&position=4",https://tools-images.services.cvc.com.br/resize?width=827&height=485&type=auto&quality=80&url=https%3A%2F%2Fi.travelapi.com%2Flodging%2F1000000%2F50000%2F41100%2F41081%2Feeb39ad6_z.jpg,9999,pt-BR,0,1,https://tools-images.services.cvc.com.br/resize?width=827&height=485&type=auto&quality=80&url=https%3A%2F%2Fi.travelapi.com%2Flodging%2F1000000%2F50000%2F41100%2F41081%2Feeb39ad6_z.jpg
UID23737,VILA GALÉ ESTORIL,hotel_internacional,portugal_estoril,471.50,BRL,"https://cvc.com.br/hotel/detail/estoril-lisboa-portugal/vila-gale-estoril?HotelId=UID23737&CheckIn=2026-11-03&CheckOut=2026-11-08&Location=Estoril%20-%20Lisboa%20,%20Portugal&ZoneId=34282&Rooms=1&Adults=2&Children=0&ChildAges=&Latitude=38.7040063&Longitude=-9.3969087&City=Estoril&State=Costa%20De%20Lisboa&Country=Portugal&Hotel=Vila%20Gale%20Estoril&iata=&position=1&packageGroup=STANDALONE&price=942.57",https://tools-images.services.cvc.com.br/resize?width=827&height=485&type=auto&quality=80&url=https%3A%2F%2Fi.travelapi.com%2Flodging%2F1000000%2F50000%2F41100%2F41081%2Feeb39ad6_z.jpg,9999,pt-BR,0,1,https://tools-images.services.cvc.com.br/resize?width=827&height=485&type=auto&quality=80&url=https%3A%2F%2Fi.travelapi.com%2Flodging%2F1000000%2F50000%2F41100%2F41081%2Feeb39ad6_z.jpg
UID23738,VILA GALÉ PORTO,hotel_internacional,portugal_porto,468.00,BRL,"https://cvc.com.br/hotel/detail/porto-porto-portugal/hotel-vila-gale-porto?HotelId=UID23738&CheckIn=2026-11-03&CheckOut=2026-11-08&Location=Porto%20-%20Porto%20,%20Portugal&ZoneId=34288&Rooms=1&Adults=2&Children=0&ChildAges=&Latitude=41.1505105&Longitude=-8.5982017&City=Porto&State=Douro&Country=Portugal&Hotel=Hotel%20Vila%20Gale%20Porto&iata=&position=1&packageGroup=STANDALONE&price=935.55",https://tools-images.services.cvc.com.br/resize?width=827&height=485&type=auto&quality=80&url=https%3A%2F%2Fi.travelapi.com%2Flodging%2F1000000%2F50000%2F41100%2F41081%2Feeb39ad6_z.jpg,9999,pt-BR,0,1,https://tools-images.services.cvc.com.br/resize?width=827&height=485&type=auto&quality=80&url=https%3A%2F%2Fi.travelapi.com%2Flodging%2F1000000%2F50000%2F41100%2F41081%2Feeb39ad6_z.jpg
UID23740,VILA GALÉ CASCAIS,hotel_internacional,portugal_cascais,576.50,BRL,"https://cvc.com.br/hotel/detail/cascais-lisboa-portugal/hotel-vila-gale-cascais?HotelId=UID23740&CheckIn=2026-11-03&CheckOut=2026-11-08&Location=Cascais%20-%20Lisboa%20,%20Portugal&ZoneId=34281&Rooms=1&Adults=2&Children=0&ChildAges=&Latitude=38.691234&Longitude=-9.423013&City=Cascais&State=Costa%20De%20Lisboa&Country=Portugal&Hotel=Hotel%20Vila%20Gal%C3%A9%20Cascais&iata=&position=3&packageGroup=STANDALONE&price=1030.93",https://tools-images.services.cvc.com.br/resize?width=827&height=485&type=auto&quality=80&url=https%3A%2F%2Fi.travelapi.com%2Flodging%2F1000000%2F50000%2F41100%2F41081%2Feeb39ad6_z.jpg,9999,pt-BR,0,1,https://tools-images.services.cvc.com.br/resize?width=827&height=485&type=auto&quality=80&url=https%3A%2F%2Fi.travelapi.com%2Flodging%2F1000000%2F50000%2F41100%2F41081%2Feeb39ad6_z.jpg
UID24428,WHITE HOTEL,hotel_internacional,italia_roma,1625.00,BRL,"https://cvc.com.br/hotel/detail/roma-lacio-italia/hotel-white?HotelId=UID24428&CheckIn=2026-10-12&CheckOut=2026-10-17&Location=Roma%20-%20Lacio%20,%20Italia&ZoneId=34378&Rooms=1&Adults=2&Children=0&ChildAges=&Latitude=41.9017996&Longitude=12.485742&City=Roma&State=Lazio&Country=Italia&Hotel=Hotel%20White&iata=&position=1&packageGroup=STANDALONE&price=2200.83",https://tools-images.services.cvc.com.br/resize?width=827&height=485&type=auto&quality=80&url=https%3A%2F%2Fi.travelapi.com%2Flodging%2F1000000%2F50000%2F41100%2F41081%2Feeb39ad6_z.jpg,9999,pt-BR,0,1,https://tools-images.services.cvc.com.br/resize?width=827&height=485&type=auto&quality=80&url=https%3A%2F%2Fi.travelapi.com%2Flodging%2F1000000%2F50000%2F41100%2F41081%2Feeb39ad6_z.jpg
UID246060,BAHIA PRINCIPE EXPLORE PUNTA CANA,hotel_internacional,republica_dominicana_punta_cana,585.50,BRL,"https://www.cvc.com.br/hotel/detail/punta-cana-la-altagracia-republica-dominicana/bahia-principe-explore-punta-cana?&CheckIn=2026-10-10&CheckOut=2026-10-16&Location=Punta%20Cana%20-%20La%20Altagracia%20,%20Republica%20Dominicana&ZoneId=9997&HotelId=UID246060&Rooms=1&Adults=2&Children=0&ChildAges=&Latitude=18.7210592265647&Longitude=-68.4648532342303&City=Punta%20Cana&State=Republica%20Dominicana&Country=Republica%20Dominicana&Hotel=Bahia%20Principe%20Explore%20Punta%20Cana&iata=&position=2",https://tools-images.services.cvc.com.br/resize?width=827&height=485&type=auto&quality=80&url=https%3A%2F%2Fi.travelapi.com%2Flodging%2F1000000%2F50000%2F41100%2F41081%2Feeb39ad6_z.jpg,9999,pt-BR,0,1,https://tools-images.services.cvc.com.br/resize?width=827&height=485&type=auto&quality=80&url=https%3A%2F%2Fi.travelapi.com%2Flodging%2F1000000%2F50000%2F41100%2F41081%2Feeb39ad6_z.jpg
UID249838,Grand Palladium Lady Hamilton Resort & Spa,hotel_internacional,jamaica_jamaica,1797.00,BRL,"https://www.cvc.com.br/hotel/detail/montego-bay-saint-james-jamaica/grand-palladium-lady-hamilton-resort-spa?&CheckIn=2026-12-13&CheckOut=2026-12-19&Location=Montego%20Bay%20-%20Saint%20James%20,%20Jamaica&ZoneId=34405&HotelId=UID249838&Rooms=1&Adults=2&Children=0&ChildAges=&Latitude=18.457914&Longitude=-78.150663&City=Montego%20Bay&State=Montego%20Bay&Country=Jamaica&Hotel=Grand%20Palladium%20Lady%20Hamilton%20Resort%20&%20Spa&iata=&position=3",https://tools-images.services.cvc.com.br/resize?width=827&height=485&type=auto&quality=80&url=https%3A%2F%2Fi.travelapi.com%2Flodging%2F1000000%2F50000%2F41100%2F41081%2Feeb39ad6_z.jpg,9999,pt-BR,0,1,https://tools-images.services.cvc.com.br/resize?width=827&height=485&type=auto&quality=80&url=https%3A%2F%2Fi.travelapi.com%2Flodging%2F1000000%2F50000%2F41100%2F41081%2Feeb39ad6_z.jpg
UID253001,FIRST HOTEL,hotel_internacional,franca_paris,932.00,BRL,"https://cvc.com.br/hotel/detail/paris-ile-de-france-franca/first-hotel-paris-tour-eiffel?HotelId=UID253001&CheckIn=2026-11-08&CheckOut=2026-11-14&Location=Paris%20-%20%C3%8Ele-de-France%20,%20Fran%C3%A7a&ZoneId=33830&Rooms=1&Adults=2&Children=0&ChildAges=&Latitude=48.8474918&Longitude=2.3023175&City=Paris&State=Ile%20De%20France&Country=Franca&Hotel=First%20Hotel%20Paris%20Tour%20Eiffel&iata=&position=1&packageGroup=STANDALONE&price=2031.61",https://tools-images.services.cvc.com.br/resize?width=827&height=485&type=auto&quality=80&url=https%3A%2F%2Fi.travelapi.com%2Flodging%2F1000000%2F50000%2F41100%2F41081%2Feeb39ad6_z.jpg,9999,pt-BR,0,1,https://tools-images.services.cvc.com.br/resize?width=827&height=485&type=auto&quality=80&url=https%3A%2F%2Fi.travelapi.com%2Flodging%2F1000000%2F50000%2F41100%2F41081%2Feeb39ad6_z.jpg
UID27235,Casa Nogales,hotel_internacional,chile_santiago,157.50,BRL,"https://www.cvc.com.br/hotel/detail/santiago-region-metropolitana-chile/hotel-nogales-by-tempo-rent?&CheckIn=2026-09-20&CheckOut=2026-09-24&Location=Santiago%20-%20Region%20Metropolitana%20,%20Chile&ZoneId=9919&HotelId=UID27235&Rooms=1&Adults=2&Children=0&ChildAges=&Latitude=-33.4269517&Longitude=-70.6047097&City=Santiago&State=Santiago&Country=Chile&Hotel=Hotel%20Nogales%20By%20Tempo%20Rent&iata=&position=1",https://tools-images.services.cvc.com.br/resize?width=827&height=485&type=auto&quality=80&url=https%3A%2F%2Fi.travelapi.com%2Flodging%2F1000000%2F50000%2F41100%2F41081%2Feeb39ad6_z.jpg,9999,pt-BR,0,1,https://tools-images.services.cvc.com.br/resize?width=827&height=485&type=auto&quality=80&url=https%3A%2F%2Fi.travelapi.com%2Flodging%2F1000000%2F50000%2F41100%2F41081%2Feeb39ad6_z.jpg
UID301242,San Marco,hotel_internacional,curacao_curacao,212.85,BRL,"https://www.cvc.com.br/hotel/detail/curacao-antilhas-holandesas/san-marco-hotel-casino?&CheckIn=2026-10-10&CheckOut=2026-10-17&Location=Curacao%20-%20%20,%20Antilhas%20Holandesas&ZoneId=19&HotelId=UID301242&Rooms=1&Adults=2&Children=0&ChildAges=&Latitude=12.104662&Longitude=-68.932765&City=Curacao&State=Curacao&Country=Antilhas%20Holandesas&Hotel=San%20Marco%20Hotel%20&%20Casino&iata=&position=2",https://tools-images.services.cvc.com.br/resize?width=827&height=485&type=auto&quality=80&url=https%3A%2F%2Fi.travelapi.com%2Flodging%2F1000000%2F50000%2F41100%2F41081%2Feeb39ad6_z.jpg,9999,pt-BR,0,1,https://tools-images.services.cvc.com.br/resize?width=827&height=485&type=auto&quality=80&url=https%3A%2F%2Fi.travelapi.com%2Flodging%2F1000000%2F50000%2F41100%2F41081%2Feeb39ad6_z.jpg
UID328,GRAND PALLADIUM SELECT BAVARO,hotel_internacional,republica_dominicana_punta_cana,1129.00,BRL,"https://www.cvc.com.br/hotel/detail/punta-cana-la-altagracia-republica-dominicana/grand-palladium-select-bavaro?&CheckIn=2027-02-02&CheckOut=2027-02-09&Location=Punta%20Cana%20-%20La%20Altagracia%20,%20Republica%20Dominicana&ZoneId=9997&HotelId=UID328&Rooms=1&Adults=2&Children=0&ChildAges=&Latitude=18.694297&Longitude=-68.432715&City=Punta%20Cana&State=Republica%20Dominicana&Country=Republica%20Dominicana&Hotel=Grand%20Palladium%20Select%20B%C3%A1varo&iata=&position=1",https://tools-images.services.cvc.com.br/resize?width=827&height=485&type=auto&quality=80&url=https%3A%2F%2Fi.travelapi.com%2Flodging%2F1000000%2F50000%2F41100%2F41081%2Feeb39ad6_z.jpg,9999,pt-BR,0,1,https://tools-images.services.cvc.com.br/resize?width=827&height=485&type=auto&quality=80&url=https%3A%2F%2Fi.travelapi.com%2Flodging%2F1000000%2F50000%2F41100%2F41081%2Feeb39ad6_z.jpg
UID359,IBEROSTAR WAVES DOMINICANA,hotel_internacional,republica_dominicana_punta_cana,691.00,BRL,"https://www.cvc.com.br/hotel/detail/punta-cana-la-altagracia-republica-dominicana/iberostar-waves-dominicana?&CheckIn=2026-10-10&CheckOut=2026-10-16&Location=Punta%20Cana%20-%20La%20Altagracia%20,%20Republica%20Dominicana&ZoneId=9997&HotelId=UID359&Rooms=1&Adults=2&Children=0&ChildAges=&Latitude=18.715041&Longitude=-68.452898&City=Punta%20Cana&State=Republica%20Dominicana&Country=Republica%20Dominicana&Hotel=Iberostar%20Waves%20Dominicana&iata=&position=1",https://tools-images.services.cvc.com.br/resize?width=827&height=485&type=auto&quality=80&url=https%3A%2F%2Fi.travelapi.com%2Flodging%2F1000000%2F50000%2F41100%2F41081%2Feeb39ad6_z.jpg,9999,pt-BR,0,1,https://tools-images.services.cvc.com.br/resize?width=827&height=485&type=auto&quality=80&url=https%3A%2F%2Fi.travelapi.com%2Flodging%2F1000000%2F50000%2F41100%2F41081%2Feeb39ad6_z.jpg
UID366858,Hyatt Place San Jose / Pinares,hotel_internacional,costa_rica_san_jose,455.00,BRL,"https://www.cvc.com.br/hotel/detail/san-jose-san-jose-costa-rica/hyatt-place-san-jose-pinares?&CheckIn=2026-11-10&CheckOut=2026-11-15&Location=San%20Jose%20-%20San%20Jose%20,%20Costa%20Rica&ZoneId=9942&HotelId=UID366858&Rooms=1&Adults=1&Children=0&ChildAges=&Latitude=9.9108541259431&Longitude=-84.017905487286&City=San%20Jose&State=San%20Jose&Country=Costa%20Rica&Hotel=Hyatt%20Place%20San%20Jose/pinares&iata=&position=1",https://tools-images.services.cvc.com.br/resize?width=827&height=485&type=auto&quality=80&url=https%3A%2F%2Fi.travelapi.com%2Flodging%2F1000000%2F50000%2F41100%2F41081%2Feeb39ad6_z.jpg,9999,pt-BR,0,1,https://tools-images.services.cvc.com.br/resize?width=827&height=485&type=auto&quality=80&url=https%3A%2F%2Fi.travelapi.com%2Flodging%2F1000000%2F50000%2F41100%2F41081%2Feeb39ad6_z.jpg
UID41028,VILA GALÉ ÓPERA,hotel_internacional,portugal_lisboa,672.00,BRL,"https://cvc.com.br/hotel/detail/lisboa-lisboa-portugal/vila-gale-opera?HotelId=UID41028&CheckIn=2026-10-20&CheckOut=2026-10-24&Location=Lisboa%20-%20Lisboa%20,%20Portugal&ZoneId=34301&Rooms=1&Adults=2&Children=0&ChildAges=&Latitude=38.7&Longitude=-9.18056&City=Lisboa&State=Lisboa&Country=Portugal&Hotel=Vila%20Gale%20%C3%93pera&iata=&position=1&packageGroup=STANDALONE&price=1344.64",https://tools-images.services.cvc.com.br/resize?width=827&height=485&type=auto&quality=80&url=https%3A%2F%2Fi.travelapi.com%2Flodging%2F1000000%2F50000%2F41100%2F41081%2Feeb39ad6_z.jpg,9999,pt-BR,0,1,https://tools-images.services.cvc.com.br/resize?width=827&height=485&type=auto&quality=80&url=https%3A%2F%2Fi.travelapi.com%2Flodging%2F1000000%2F50000%2F41100%2F41081%2Feeb39ad6_z.jpg
UID41030,TURIM LISBOA,hotel_internacional,portugal_lisboa,748.50,BRL,"https://cvc.com.br/hotel/detail/lisboa-lisboa-portugal/turim-lisboa-hotel?HotelId=UID41030&CheckIn=2026-10-20&CheckOut=2026-10-24&Location=Lisboa%20-%20Lisboa%20,%20Portugal&ZoneId=34301&Rooms=1&Adults=2&Children=0&ChildAges=&Latitude=38.7322397&Longitude=-9.1493643&City=Lisboa&State=Lisboa&Country=Portugal&Hotel=Turim%20Lisboa%20Hotel&iata=&position=1&packageGroup=STANDALONE&price=1603.32",https://tools-images.services.cvc.com.br/resize?width=827&height=485&type=auto&quality=80&url=https%3A%2F%2Fi.travelapi.com%2Flodging%2F1000000%2F50000%2F41100%2F41081%2Feeb39ad6_z.jpg,9999,pt-BR,0,1,https://tools-images.services.cvc.com.br/resize?width=827&height=485&type=auto&quality=80&url=https%3A%2F%2Fi.travelapi.com%2Flodging%2F1000000%2F50000%2F41100%2F41081%2Feeb39ad6_z.jpg
UID48381,OCEAN BLUE & SAND,hotel_internacional,republica_dominicana_punta_cana,671.66,BRL,"https://www.cvc.com.br/hotel/detail/punta-cana-la-altagracia-republica-dominicana/ocean-blue-sand?&CheckIn=2026-10-18&CheckOut=2026-10-24&Location=Punta%20Cana%20-%20La%20Altagracia%20,%20Republica%20Dominicana&ZoneId=9997&HotelId=UID48381&Rooms=1&Adults=2&Children=0&ChildAges=&Latitude=18.7076125869624&Longitude=-68.4468169407452&City=Punta%20Cana&State=Republica%20Dominicana&Country=Republica%20Dominicana&Hotel=Ocean%20Blue%20&%20Sand&iata=&position=4",https://tools-images.services.cvc.com.br/resize?width=827&height=485&type=auto&quality=80&url=https%3A%2F%2Fi.travelapi.com%2Flodging%2F1000000%2F50000%2F41100%2F41081%2Feeb39ad6_z.jpg,9999,pt-BR,0,1,https://tools-images.services.cvc.com.br/resize?width=827&height=485&type=auto&quality=80&url=https%3A%2F%2Fi.travelapi.com%2Flodging%2F1000000%2F50000%2F41100%2F41081%2Feeb39ad6_z.jpg
UID549306,Pestana CR7 Funchal Lifestyle Hotels,hotel_internacional,portugal_funchal,652.00,BRL,"https://cvc.com.br/hotel/detail/funchal-madeira-portugal/pestana-cr7-funchal-lifestyle-hotels?HotelId=UID549306&CheckIn=2026-11-03&CheckOut=2026-11-08&Location=Funchal%20-%20Madeira%20,%20Portugal&ZoneId=34302&Rooms=1&Adults=2&Children=0&ChildAges=&Latitude=32.6440211&Longitude=-16.9138416&City=Funchal&State=Madeira&Country=Portugal&Hotel=Pestana%20CR7%20Funchal%20Lifestyle%20Hotels&iata=&position=1&packageGroup=STANDALONE&price=1303.83",https://tools-images.services.cvc.com.br/resize?width=827&height=485&type=auto&quality=80&url=https%3A%2F%2Fi.travelapi.com%2Flodging%2F1000000%2F50000%2F41100%2F41081%2Feeb39ad6_z.jpg,9999,pt-BR,0,1,https://tools-images.services.cvc.com.br/resize?width=827&height=485&type=auto&quality=80&url=https%3A%2F%2Fi.travelapi.com%2Flodging%2F1000000%2F50000%2F41100%2F41081%2Feeb39ad6_z.jpg
UID59306,"VIRGIN HOTEL lAS vEGAS, CURIO COLLECTION BY HILTON",hotel_internacional,estados_unidos_las_vegas,378.65,BRL,"https://cvc.com.br/hotel/detail/las-vegas-nv-estados-unidos-da-america/virgin-hotels-las-vegas-curio-collection-by-hilton?HotelId=UID59306&CheckIn=2026-10-20&CheckOut=2026-10-23&Location=Las%20Vegas%20-%20NV%20,%20Estados%20Unidos%20da%20America&ZoneId=34885&Rooms=1&Adults=2&Children=0&ChildAges=&Latitude=36.1087944064&Longitude=-115.153759936&City=Las%20Vegas&State=Nevada&Country=Estados%20Unidos%20Da%20America&Hotel=Virgin%20Hotels%20Las%20Vegas%20Curio%20Collection%20by%20Hilton&iata=&position=6&packageGroup=STANDALONE&price=883.38",https://tools-images.services.cvc.com.br/resize?width=827&height=485&type=auto&quality=80&url=https%3A%2F%2Fi.travelapi.com%2Flodging%2F1000000%2F50000%2F41100%2F41081%2Feeb39ad6_z.jpg,9999,pt-BR,0,1,https://tools-images.services.cvc.com.br/resize?width=827&height=485&type=auto&quality=80&url=https%3A%2F%2Fi.travelapi.com%2Flodging%2F1000000%2F50000%2F41100%2F41081%2Feeb39ad6_z.jpg
UID62478,Vip Executive Art's,hotel_internacional,portugal_lisboa,546.50,BRL,"https://cvc.com.br/hotel/detail/lisboa-lisboa-portugal/vip-executive-arts-hotel?HotelId=UID62478&CheckIn=2026-10-20&CheckOut=2026-10-24&Location=Lisboa%20-%20Lisboa%20,%20Portugal&ZoneId=34301&Rooms=1&Adults=2&Children=0&ChildAges=&Latitude=38.7726509153008&Longitude=-9.09771502017975&City=Lisboa&State=Lisboa&Country=Portugal&Hotel=VIP%20Executive%20Art%E2%80%99s%20Hotel&iata=&position=2&packageGroup=STANDALONE&price=1092.84",https://tools-images.services.cvc.com.br/resize?width=827&height=485&type=auto&quality=80&url=https%3A%2F%2Fi.travelapi.com%2Flodging%2F1000000%2F50000%2F41100%2F41081%2Feeb39ad6_z.jpg,9999,pt-BR,0,1,https://tools-images.services.cvc.com.br/resize?width=827&height=485&type=auto&quality=80&url=https%3A%2F%2Fi.travelapi.com%2Flodging%2F1000000%2F50000%2F41100%2F41081%2Feeb39ad6_z.jpg
UID63839,Renaissance Wind Creek Aruba Resort,hotel_internacional,aruba_aruba,1411.42,BRL,https://www.cvc.com.br/hotel/detail/aruba-aruba-aruba/renaissance-wind-creek-aruba-resort?&CheckIn=2026-10-10&CheckOut=2026-10-17&Location=Aruba%20-%20Aruba%20-%20Aruba&ZoneId=54&HotelId=UID63839&Rooms=1&Adults=2&Children=0&ChildAges=&Latitude=12.5191998&Longitude=-70.0377745&City=Aruba&State=Aruba&Country=Aruba&Hotel=Renaissance%20Wind%20Creek%20Aruba%20Resort&iata=&position=1,https://tools-images.services.cvc.com.br/resize?width=827&height=485&type=auto&quality=80&url=https%3A%2F%2Fi.travelapi.com%2Flodging%2F1000000%2F50000%2F41100%2F41081%2Feeb39ad6_z.jpg,9999,pt-BR,0,1,https://tools-images.services.cvc.com.br/resize?width=827&height=485&type=auto&quality=80&url=https%3A%2F%2Fi.travelapi.com%2Flodging%2F1000000%2F50000%2F41100%2F41081%2Feeb39ad6_z.jpg
UID65161,AMERICA PALACE EUR,hotel_internacional,italia_roma,756.00,BRL,"https://cvc.com.br/hotel/detail/roma-lacio-italia/american-palace-eur?HotelId=UID65161&CheckIn=2026-09-29&CheckOut=2026-10-03&Location=Roma%20-%20Lacio%20,%20Italia&ZoneId=34378&Rooms=1&Adults=2&Children=0&ChildAges=&Latitude=41.825516&Longitude=12.4787224&City=Roma&State=Lazio&Country=Italia&Hotel=American%20Palace%20Eur&iata=&position=1&packageGroup=STANDALONE&price=1522.96",https://tools-images.services.cvc.com.br/resize?width=827&height=485&type=auto&quality=80&url=https%3A%2F%2Fi.travelapi.com%2Flodging%2F1000000%2F50000%2F41100%2F41081%2Feeb39ad6_z.jpg,9999,pt-BR,0,1,https://tools-images.services.cvc.com.br/resize?width=827&height=485&type=auto&quality=80&url=https%3A%2F%2Fi.travelapi.com%2Flodging%2F1000000%2F50000%2F41100%2F41081%2Feeb39ad6_z.jpg
UID72517,Monreale Express International Drive,hotel_internacional,estados_unidos_orlando,115.75,BRL,"https://www.cvc.com.br/hotel/detail/orlando-fl-estados-unidos-da-america/hotel-monreale-express-international-drive-orlando?&CheckIn=2027-01-03&CheckOut=2027-01-13&Location=Orlando%20-%20FL%20,%20Estados%20Unidos%20da%20America&ZoneId=13601&HotelId=UID72517&Rooms=1&Adults=2&Children=0&ChildAges=&Latitude=28.4628195&Longitude=-81.4691369&City=Orlando&State=Florida&Country=Estados%20Unidos%20Da%20America&Hotel=Hotel%20Monreale%20Express%20International%20Drive%20Orlando*&iata=&position=2",https://tools-images.services.cvc.com.br/resize?width=827&height=485&type=auto&quality=80&url=https%3A%2F%2Fi.travelapi.com%2Flodging%2F1000000%2F50000%2F41100%2F41081%2Feeb39ad6_z.jpg,9999,pt-BR,0,1,https://tools-images.services.cvc.com.br/resize?width=827&height=485&type=auto&quality=80&url=https%3A%2F%2Fi.travelapi.com%2Flodging%2F1000000%2F50000%2F41100%2F41081%2Feeb39ad6_z.jpg
UID78832,Riu Palace Aruba,hotel_internacional,aruba_aruba,2142.00,BRL,https://www.cvc.com.br/hotel/detail/aruba-aruba-aruba/riu-palace-aruba?&CheckIn=2026-11-10&CheckOut=2026-11-17&Location=Aruba%20-%20Aruba%20-%20Aruba&ZoneId=54&HotelId=UID78832&Rooms=1&Adults=1&Children=0&ChildAges=&Latitude=12.5664631&Longitude=-70.047134&City=Aruba&State=Aruba&Country=Aruba&Hotel=Riu%20Palace%20Aruba&iata=&position=1,https://tools-images.services.cvc.com.br/resize?width=827&height=485&type=auto&quality=80&url=https%3A%2F%2Fi.travelapi.com%2Flodging%2F1000000%2F50000%2F41100%2F41081%2Feeb39ad6_z.jpg,9999,pt-BR,0,1,https://tools-images.services.cvc.com.br/resize?width=827&height=485&type=auto&quality=80&url=https%3A%2F%2Fi.travelapi.com%2Flodging%2F1000000%2F50000%2F41100%2F41081%2Feeb39ad6_z.jpg
UID8003,ARISTON ROMA,hotel_internacional,italia_roma,941.50,BRL,"https://cvc.com.br/hotel/detail/roma-lacio-italia/hotel-ariston-roma?HotelId=UID8003&CheckIn=2026-10-20&CheckOut=2026-10-24&Location=Roma%20-%20Lacio%20,%20Italia&ZoneId=34378&Rooms=1&Adults=2&Children=0&ChildAges=&Latitude=41.8989929&Longitude=12.50130915&City=Roma&State=Lazio&Country=Italia&Hotel=Hotel%20Ariston%20Roma&iata=&position=6&packageGroup=STANDALONE&price=1895.7",https://tools-images.services.cvc.com.br/resize?width=827&height=485&type=auto&quality=80&url=https%3A%2F%2Fi.travelapi.com%2Flodging%2F1000000%2F50000%2F41100%2F41081%2Feeb39ad6_z.jpg,9999,pt-BR,0,1,https://tools-images.services.cvc.com.br/resize?width=827&height=485&type=auto&quality=80&url=https%3A%2F%2Fi.travelapi.com%2Flodging%2F1000000%2F50000%2F41100%2F41081%2Feeb39ad6_z.jpg
UID81633,TURIM EUROPA,hotel_internacional,portugal_lisboa,507.00,BRL,"https://cvc.com.br/hotel/detail/lisboa-lisboa-portugal/hotel-turim-europa?HotelId=UID81633&CheckIn=2026-10-20&CheckOut=2026-10-24&Location=Lisboa%20-%20Lisboa%20,%20Portugal&ZoneId=34301&Rooms=1&Adults=2&Children=0&ChildAges=&Latitude=38.7293&Longitude=-9.148787&City=Lisboa&State=Lisboa&Country=Portugal&Hotel=Hotel%20Turim%20Europa&iata=&position=1&packageGroup=STANDALONE&price=1140.14",https://tools-images.services.cvc.com.br/resize?width=827&height=485&type=auto&quality=80&url=https%3A%2F%2Fi.travelapi.com%2Flodging%2F1000000%2F50000%2F41100%2F41081%2Feeb39ad6_z.jpg,9999,pt-BR,0,1,https://tools-images.services.cvc.com.br/resize?width=827&height=485&type=auto&quality=80&url=https%3A%2F%2Fi.travelapi.com%2Flodging%2F1000000%2F50000%2F41100%2F41081%2Feeb39ad6_z.jpg
UID82371,1253 SMALL RECOLETA,hotel_internacional,argentina_buenos_aires,247.50,BRL,https://cvc.com.br/hotel/detail/buenos-aires-buenos-aires-argentina/1253-recoleta-small-hotel?HotelId=UID82371&CheckIn=2026-11-18&CheckOut=2026-11-22&Location=BUENOS%20AIRES%20-%20BUENOS%20AIRES%20-%20ARGENTINA&ZoneId=28&Rooms=1&Adults=2&Children=0&ChildAges=&Latitude=-34.593806&Longitude=-58.385856&City=Buenos%20Aires&State=Buenos%20Aires&Country=Argentina&Hotel=1253%20Recoleta%20Small%20Hotel&iata=&position=1&packageGroup=STANDALONE&price=455.58,https://tools-images.services.cvc.com.br/resize?width=827&height=485&type=auto&quality=80&url=https%3A%2F%2Fi.travelapi.com%2Flodging%2F1000000%2F50000%2F41100%2F41081%2Feeb39ad6_z.jpg,9999,pt-BR,0,1,https://tools-images.services.cvc.com.br/resize?width=827&height=485&type=auto&quality=80&url=https%3A%2F%2Fi.travelapi.com%2Flodging%2F1000000%2F50000%2F41100%2F41081%2Feeb39ad6_z.jpg
UID84067,GRAND PALLADIUM PUNTA CANA,hotel_internacional,republica_dominicana_punta_cana,748.50,BRL,"https://www.cvc.com.br/hotel/detail/punta-cana-la-altagracia-republica-dominicana/grand-palladium-punta-cana-resort-spa?&CheckIn=2026-10-18&CheckOut=2026-10-24&Location=Punta%20Cana%20-%20La%20Altagracia%20,%20Republica%20Dominicana&ZoneId=9997&HotelId=UID84067&Rooms=1&Adults=2&Children=0&ChildAges=&Latitude=18.691349&Longitude=-68.4353262&City=Punta%20Cana&State=Republica%20Dominicana&Country=Republica%20Dominicana&Hotel=Grand%20Palladium%20Punta%20Cana%20Resort%20&%20Spa&iata=&position=3",https://tools-images.services.cvc.com.br/resize?width=827&height=485&type=auto&quality=80&url=https%3A%2F%2Fi.travelapi.com%2Flodging%2F1000000%2F50000%2F41100%2F41081%2Feeb39ad6_z.jpg,9999,pt-BR,0,1,https://tools-images.services.cvc.com.br/resize?width=827&height=485&type=auto&quality=80&url=https%3A%2F%2Fi.travelapi.com%2Flodging%2F1000000%2F50000%2F41100%2F41081%2Feeb39ad6_z.jpg
UID8565,Barceló San José,hotel_internacional,costa_rica_san_jose,343.00,BRL,"https://www.cvc.com.br/hotel/detail/san-jose-san-jose-costa-rica/barcelo-san-jose?&CheckIn=2026-11-10&CheckOut=2026-11-15&Location=San%20Jose%20-%20San%20Jose%20,%20Costa%20Rica&ZoneId=9942&HotelId=UID8565&Rooms=1&Adults=1&Children=0&ChildAges=&Latitude=9.9453385150897&Longitude=-84.1052287817&City=San%20Jose&State=San%20Jose&Country=Costa%20Rica&Hotel=Barcelo%20San%20Jose&iata=&position=3",https://tools-images.services.cvc.com.br/resize?width=827&height=485&type=auto&quality=80&url=https%3A%2F%2Fi.travelapi.com%2Flodging%2F1000000%2F50000%2F41100%2F41081%2Feeb39ad6_z.jpg,9999,pt-BR,0,1,https://tools-images.services.cvc.com.br/resize?width=827&height=485&type=auto&quality=80&url=https%3A%2F%2Fi.travelapi.com%2Flodging%2F1000000%2F50000%2F41100%2F41081%2Feeb39ad6_z.jpg
UID86861,TURIM IBERIA,hotel_internacional,portugal_lisboa,322.50,BRL,"https://cvc.com.br/hotel/detail/lisboa-lisboa-portugal/turim-iberia-hotel?HotelId=UID86861&CheckIn=2026-08-06&CheckOut=2026-08-10&Location=Lisboa%20-%20Lisboa%20,%20Portugal&ZoneId=34301&Rooms=1&Adults=2&Children=0&ChildAges=&Latitude=38.740425&Longitude=-9.148286&City=Lisboa&State=Lisboa&Country=Portugal&Hotel=Turim%20Ib%C3%A9ria%20Hotel&iata=&position=1&packageGroup=STANDALONE&price=745.6",https://tools-images.services.cvc.com.br/resize?width=827&height=485&type=auto&quality=80&url=https%3A%2F%2Fi.travelapi.com%2Flodging%2F1000000%2F50000%2F41100%2F41081%2Feeb39ad6_z.jpg,9999,pt-BR,0,1,https://tools-images.services.cvc.com.br/resize?width=827&height=485&type=auto&quality=80&url=https%3A%2F%2Fi.travelapi.com%2Flodging%2F1000000%2F50000%2F41100%2F41081%2Feeb39ad6_z.jpg
UID90699,Le Meridien,hotel_internacional,chile_santiago,298.00,BRL,"https://www.cvc.com.br/hotel/detail/santiago-region-metropolitana-chile/le-meridien-santiago?&CheckIn=2026-09-27&CheckOut=2026-10-01&Location=Santiago%20-%20Region%20Metropolitana%20,%20Chile&ZoneId=9919&HotelId=UID90699&Rooms=1&Adults=2&Children=0&ChildAges=&Latitude=-33.43814&Longitude=-70.63716&City=Santiago&State=Santiago&Country=Chile&Hotel=Le%20M%C3%A9ridien%20Santiago&iata=&position=1",https://tools-images.services.cvc.com.br/resize?width=827&height=485&type=auto&quality=80&url=https%3A%2F%2Fi.travelapi.com%2Flodging%2F1000000%2F50000%2F41100%2F41081%2Feeb39ad6_z.jpg,9999,pt-BR,0,1,https://tools-images.services.cvc.com.br/resize?width=827&height=485&type=auto&quality=80&url=https%3A%2F%2Fi.travelapi.com%2Flodging%2F1000000%2F50000%2F41100%2F41081%2Feeb39ad6_z.jpg
UID950021,TURIM OPORTO HOTEL,hotel_internacional,portugal_porto,618.50,BRL,"https://cvc.com.br/hotel/detail/porto-porto-portugal/turim-oporto-hotel?HotelId=UID950021&CheckIn=2026-10-26&CheckOut=2026-10-31&Location=Porto%20-%20Porto%20,%20Portugal&ZoneId=34288&Rooms=1&Adults=2&Children=0&ChildAges=&Latitude=41.1506459584359&Longitude=-8.6110892987116&City=Porto&State=Douro&Country=Portugal&Hotel=Turim%20Oporto%20Hotel&iata=&position=1&packageGroup=STANDALONE&price=1334.23",https://tools-images.services.cvc.com.br/resize?width=827&height=485&type=auto&quality=80&url=https%3A%2F%2Fi.travelapi.com%2Flodging%2F1000000%2F50000%2F41100%2F41081%2Feeb39ad6_z.jpg,9999,pt-BR,0,1,https://tools-images.services.cvc.com.br/resize?width=827&height=485&type=auto&quality=80&url=https%3A%2F%2Fi.travelapi.com%2Flodging%2F1000000%2F50000%2F41100%2F41081%2Feeb39ad6_z.jpg
UID95244,Grand Palladium Jamaica Resort & Spa,hotel_internacional,jamaica_jamaica,1410.00,BRL,"https://www.cvc.com.br/hotel/detail/montego-bay-saint-james-jamaica/grand-palladium-jamaica-resort-spa?&CheckIn=2026-12-13&CheckOut=2026-12-19&Location=Montego%20Bay%20-%20Saint%20James%20,%20Jamaica&ZoneId=34405&HotelId=UID95244&Rooms=1&Adults=2&Children=0&ChildAges=&Latitude=18.4579193&Longitude=-78.1528514&City=Montego%20Bay&State=Montego%20Bay&Country=Jamaica&Hotel=Grand%20Palladium%20Jamaica%20Resort%20&%20Spa&iata=&position=2",https://tools-images.services.cvc.com.br/resize?width=827&height=485&type=auto&quality=80&url=https%3A%2F%2Fi.travelapi.com%2Flodging%2F1000000%2F50000%2F41100%2F41081%2Feeb39ad6_z.jpg,9999,pt-BR,0,1,https://tools-images.services.cvc.com.br/resize?width=827&height=485&type=auto&quality=80&url=https%3A%2F%2Fi.travelapi.com%2Flodging%2F1000000%2F50000%2F41100%2F41081%2Feeb39ad6_z.jpg
